,fips,per_capita_income,poverty_stat,household_income,mortgage_stat,school_enrollment_16-19,own_children_under18,SSI_income,grandparent_care,military_service,education_25,property_value_occupied,retirement_income,rent_over_income,state,county,tract,blockgroup
0,200910535072001,29721,1177,407,371,59,327,407,706,91,773,371,407,36,20,091,053507,2
1,200910528012016,36605,1571,475,461,82,576,475,847,77,958,461,475,14,20,091,052801,2
2,290950168004006,31496,1210,811,110,0,31,811,634,111,981,110,811,701,29,095,016800,4
3,202090418001004,11478,985,626,31,25,67,626,717,95,745,31,626,595,20,209,041800,1
4,200910501005009,29905,1108,420,398,35,266,420,698,87,752,398,420,22,20,091,050100,5
5,200910524171029,24855,2436,1130,127,158,630,1130,1202,143,1571,127,1130,1003,20,091,052417,1
6,200910503012017,32814,737,437,254,0,21,437,606,154,622,254,437,183,20,091,050301,2
7,290950141013015,23644,1772,640,331,111,453,640,1009,166,1146,331,640,309,29,095,014101,3
8,200910518033010,26836,1118,456,364,167,175,456,692,66,776,364,456,92,20,091,051803,3
9,201211004001027,32183,1432,556,504,12,380,556,996,199,1052,504,556,52,20,121,100400,1
10,200910511002006,31059,899,591,328,0,177,591,619,100,659,328,591,263,20,091,051100,2
11,200910518013025,70491,1529,581,573,81,364,581,1055,164,1065,573,581,8,20,091,051801,3
12,200910537073009,19170,1265,587,225,56,265,587,767,99,825,225,587,362,20,091,053707,3
13,200910534131021,53453,3642,1347,951,123,1232,1347,2035,153,2215,951,1347,396,20,091,053413,1
14,202090415001033,10930,1245,393,160,43,361,393,606,33,754,160,393,233,20,209,041500,1
15,200910519032015,20840,1429,588,255,40,322,588,643,179,869,255,588,333,20,091,051903,2
16,200910527003017,30802,1751,590,547,88,663,590,983,99,1032,547,590,43,20,091,052700,3
17,290950160002001,9105,1091,353,172,121,441,353,482,55,507,172,353,181,29,095,016000,2
18,200910523061019,54198,1487,563,538,65,348,563,1043,121,1060,538,563,25,20,091,052306,1
19,171635032113055,50230,2201,1198,878,39,322,1198,1576,305,1773,878,1198,320,17,163,503211,3
20,290950077001014,14123,598,256,148,40,100,256,447,33,447,148,256,108,29,095,007700,1
21,290950085001001,62050,617,287,287,33,146,287,463,62,463,287,287,0,29,095,008500,1
22,290499602004042,20882,1005,389,263,67,287,389,552,88,638,263,389,126,29,049,960200,4
23,201211002001012,29257,1517,516,463,44,490,516,784,141,930,463,516,53,20,121,100200,1
24,290950057001006,12717,542,269,162,28,133,269,294,10,330,162,269,107,29,095,005700,1
25,202090437002001,22422,1030,347,301,60,223,347,679,61,711,301,347,46,20,209,043700,2
26,200910534232004,57630,1896,570,570,103,713,570,1103,86,1131,570,570,0,20,091,053423,2
27,290950099002000,30634,824,411,364,11,86,411,605,102,708,364,411,47,29,095,009900,2
28,201211007007099,25778,1147,386,356,120,301,386,689,58,729,356,386,30,20,121,100700,7
29,200910521023000,24596,530,278,167,28,39,278,456,68,456,167,278,111,20,091,052102,3
30,200910524152005,30459,1434,745,74,8,333,745,701,96,906,74,745,671,20,091,052415,2
31,201030707001000,37267,1596,620,488,81,318,620,1134,298,1193,488,620,132,20,103,070700,1
32,201490004001094,22245,1138,492,423,153,279,492,706,91,775,423,492,69,20,149,000400,1
33,202090451001027,18217,933,593,44,18,163,593,422,37,568,44,593,549,20,209,045100,1
34,290370613003026,20753,1024,561,199,14,214,561,619,131,762,199,561,362,29,037,061300,3
35,290950132031006,15083,1111,345,284,124,298,345,559,36,625,284,345,61,29,095,013203,1
36,200910525021020,48874,1699,615,615,144,404,615,1152,230,1168,615,615,0,20,091,052502,1
37,290950116001008,17535,750,408,100,60,183,408,417,13,467,100,408,308,29,095,011600,1
38,200910523042015,28705,1384,627,516,88,247,627,1085,95,1195,516,627,111,20,091,052304,2
39,200910538032009,70692,1565,543,521,74,442,543,1007,146,1025,521,543,22,20,091,053803,2
40,200910516003018,52364,2277,901,901,157,634,901,1539,126,1539,901,901,0,20,091,051600,3
41,200910530023000,39601,1427,829,472,26,178,829,923,120,1117,472,829,357,20,091,053002,3
42,290950137041017,31765,1509,646,542,100,271,646,1091,154,1132,542,646,104,29,095,013704,1
43,200910537112032,28813,592,279,99,12,162,279,514,143,538,99,279,180,20,091,053711,2
44,200910530091019,61142,2297,763,739,213,579,763,1500,224,1542,739,763,24,20,091,053009,1
45,401430050022004,54681,1194,528,296,81,223,528,899,167,1010,296,528,232,40,143,005002,2
46,551390028001017,24953,1889,833,645,71,339,833,1181,155,1366,645,833,188,55,139,002800,1
47,200910537011044,21429,1668,571,465,103,433,571,823,100,1021,465,571,106,20,091,053701,1
48,201211006013087,26470,2474,1015,683,228,615,1015,1637,282,1839,683,1015,332,20,121,100601,3
49,200910526033009,31591,2962,918,896,174,1042,918,1666,180,1727,896,918,22,20,091,052603,3
50,290950133132007,25259,1725,620,546,57,449,620,1080,165,1150,546,620,74,29,095,013313,2
51,201211002002006,33587,1928,699,646,70,348,699,1409,140,1450,646,699,53,20,121,100200,2
52,200910526011028,36935,1498,596,571,44,352,596,991,74,1080,571,596,25,20,091,052601,1
53,290950125023009,22858,1589,692,562,65,399,692,990,186,1081,562,692,130,29,095,012502,3
54,200599541002050,21588,1021,378,312,121,284,378,593,58,624,312,378,66,20,059,954100,2
55,290950128042028,27982,1995,760,682,56,450,760,1197,172,1404,682,760,78,29,095,012804,2
56,290950141083008,22608,1384,609,458,62,262,609,763,92,905,458,609,151,29,095,014108,3
57,200150203001083,32936,2107,1049,911,115,378,1049,1482,312,1566,911,1049,138,20,015,020300,1
58,200039537001330,20788,1264,415,331,73,461,415,577,64,694,331,415,84,20,003,953700,1
59,201110003002017,19596,812,323,252,32,199,323,412,81,551,252,323,71,20,111,000300,2
60,200910510003006,48974,789,388,368,30,90,388,548,94,637,368,388,20,20,091,051000,3
61,201770019001016,52318,850,458,439,21,129,458,601,65,670,439,458,19,20,177,001900,1
62,201110008003370,27218,1452,623,491,35,215,623,1032,129,1119,491,623,132,20,111,000800,3
63,290950097001000,13884,804,357,22,22,301,357,368,72,431,22,357,335,29,095,009700,1
64,200910532012006,88963,540,235,235,36,73,235,440,75,440,235,235,0,20,091,053201,2
65,201030712034036,26170,2232,817,585,144,757,817,1235,201,1335,585,817,232,20,103,071203,4
66,200910533021008,62536,2160,694,694,85,754,694,1332,145,1332,694,694,0,20,091,053302,1
67,200450010012037,10204,541,241,159,393,80,241,305,20,473,159,241,82,20,045,001001,2
68,200910534104005,47984,1746,532,516,45,665,532,995,86,1004,516,532,16,20,091,053410,4
69,290950089002031,12561,1485,664,346,192,390,664,717,38,839,346,664,318,29,095,008900,2
70,201030714003040,22598,1437,432,412,104,418,432,783,75,815,412,432,20,20,103,071400,3
71,201770026021056,25856,2306,1114,700,118,311,1114,1700,387,1956,700,1114,414,20,177,002602,1
72,290470220001052,22986,1374,653,355,81,313,653,955,163,1013,355,653,298,29,047,022000,1
73,202090448042038,31224,839,284,269,63,175,284,426,37,458,269,284,15,20,209,044804,2
74,200599543002026,27728,1324,649,371,90,267,649,847,108,938,371,649,278,20,059,954300,2
75,201030711021086,19762,943,346,241,87,111,346,933,565,963,241,346,105,20,103,071102,1
76,200039536003011,16437,664,312,286,19,58,312,670,96,683,286,312,26,20,003,953600,3
77,290950146011022,28595,1638,852,626,41,232,852,1222,283,1369,626,852,226,29,095,014601,1
78,290950114061003,19658,1746,551,506,206,381,551,980,109,1027,506,551,45,29,095,011406,1
79,202090404001031,15745,1233,482,399,71,99,482,746,88,802,399,482,83,20,209,040400,1
80,290950159001038,38634,488,385,224,60,15,385,415,38,527,224,385,161,29,095,015900,1
81,202090441032043,23116,1884,781,431,123,370,781,1331,121,1426,431,781,350,20,209,044103,2
82,202090448052000,26966,575,237,209,42,101,237,412,57,435,209,237,28,20,209,044805,2
83,482139505001027,25200,1299,417,289,30,469,417,530,41,687,289,417,128,48,213,950500,1
84,200910526012023,47996,1134,353,327,83,321,353,674,21,706,327,353,26,20,091,052601,2
85,290950158001080,55852,426,347,101,16,0,347,158,9,381,101,347,246,29,095,015800,1
86,310550063032019,14287,1827,524,346,87,524,524,894,101,993,346,524,178,31,055,006303,2
87,271310704002036,23759,1308,449,395,53,360,449,729,86,778,395,449,54,27,131,070400,2
88,290950119001005,22914,766,382,233,84,49,382,504,91,534,233,382,149,29,095,011900,1
89,201339519003066,20148,1413,686,559,20,352,686,968,153,1019,559,686,127,20,133,951900,3
90,290959808021026,,0,0,0,0,0,0,0,0,0,0,0,0,29,095,980802,1
91,290950134072003,45454,1388,699,484,28,162,699,1067,220,1067,484,699,215,29,095,013407,2
92,200450014001007,39941,2023,735,680,48,478,735,1417,176,1436,680,735,55,20,045,001400,1
93,200450001002005,18590,1216,486,372,0,336,486,564,94,715,372,486,114,20,045,000100,2
94,201030709002115,28699,1270,456,434,93,225,456,990,214,1068,434,456,22,20,103,070900,2
95,200450012022104,28042,2951,1110,770,87,967,1110,1594,216,1896,770,1110,340,20,045,001202,2
96,290950009004001,14752,630,289,112,22,86,289,467,73,514,112,289,177,29,095,000900,4
97,290950102031027,20623,1829,653,492,153,288,653,938,168,1024,492,653,161,29,095,010203,1
98,290950139162004,32331,3721,1307,1208,165,1056,1307,1935,187,2202,1208,1307,99,29,095,013916,2
99,261635411002005,9116,894,198,123,32,211,198,436,102,503,123,198,75,26,163,541100,2
100,290950143003020,30007,1101,368,341,52,344,368,670,52,788,341,368,27,29,095,014300,3
101,310219633001190,25261,1580,615,498,110,438,615,981,130,1036,498,615,117,31,021,963300,1
102,201030718003006,23323,1234,503,328,22,354,503,588,84,903,328,503,175,20,103,071800,3
103,202090440031017,23580,871,365,340,69,71,365,635,119,702,340,365,25,20,209,044003,1
104,200910505002001,19736,643,268,221,129,134,268,396,81,429,221,268,47,20,091,050500,2
105,290950075003004,17277,536,211,110,129,59,211,314,12,364,110,211,101,29,095,007500,3
106,200450006031074,31513,2717,1285,762,73,412,1285,1496,180,1837,762,1285,523,20,045,000603,1
107,290950143002016,23931,2115,1006,478,147,459,1006,1290,124,1452,478,1006,528,29,095,014300,2
108,171239613001212,29441,1101,520,429,111,204,520,781,120,816,429,520,91,17,123,961300,1
109,320030054233007,22909,1346,646,218,40,99,646,1110,231,1180,218,646,428,32,003,005423,3
110,290470206021010,24139,702,316,226,19,86,316,433,66,540,226,316,90,29,047,020602,1
111,200999502002084,17840,1565,725,407,206,369,725,852,106,937,407,725,318,20,099,950200,2
112,290470221003014,40886,1015,729,75,52,63,729,477,186,796,75,729,654,29,047,022100,3
113,290470211014007,23521,443,225,172,67,61,225,307,61,317,172,225,53,29,047,021101,4
114,172010005045005,38727,1351,536,536,13,315,536,862,164,965,536,536,0,17,201,000504,5
115,202090426002018,20944,176,93,72,0,0,93,149,17,176,72,93,21,20,209,042600,2
116,290470209021015,23470,1434,579,459,23,399,579,823,123,930,459,579,120,29,047,020902,1
117,200119558001136,27990,1267,556,500,71,249,556,1026,196,1081,500,556,56,20,011,955800,1
118,290510107011040,37424,3260,1249,692,188,765,1249,1974,273,2202,692,1249,557,29,051,010701,1
119,290370610021089,23861,4291,1537,1055,223,1210,1537,2229,431,2579,1055,1537,482,29,037,061002,1
120,291650302101000,31408,1582,487,411,22,601,487,818,111,854,411,487,76,29,165,030210,1
121,201959558003191,17144,711,318,232,22,91,318,599,117,629,232,318,86,20,195,955800,3
122,290370610011116,29959,2900,1149,1101,152,499,1149,2102,348,2179,1101,1149,48,29,037,061001,1
123,291892183001001,34851,959,454,286,116,259,454,595,47,635,286,454,168,29,189,218300,1
124,290950155002211,21426,564,336,143,47,39,336,369,94,418,143,336,193,29,095,015500,2
125,290370607002065,25334,772,280,271,59,145,280,550,76,580,271,280,9,29,037,060700,2
126,290950052001011,13534,531,297,155,0,95,297,309,12,325,155,297,142,29,095,005200,1
127,290970101002004,28857,598,185,109,71,183,185,310,60,320,109,185,76,29,097,010100,2
128,200910527002065,30833,2350,823,566,182,544,823,1421,181,1480,566,823,257,20,091,052700,2
129,280330706302069,32939,5026,1797,1680,251,1278,1797,3151,260,3374,1680,1797,117,28,033,070630,2
130,480291218032004,26592,797,259,204,63,134,259,466,141,506,204,259,55,48,029,121803,2
131,291854803001249,19799,1726,727,693,74,302,727,1234,260,1275,693,727,34,29,185,480300,1
132,290370614001042,19820,2050,791,592,38,604,791,1216,214,1398,592,791,199,29,037,061400,1
133,290210027002148,22232,2069,751,618,127,529,751,1258,168,1336,618,751,133,29,021,002700,2
134,291650303055016,47026,1258,395,315,73,369,395,718,112,765,315,395,80,29,165,030305,5
135,290950137031013,20417,2200,1100,497,100,494,1100,1354,249,1476,497,1100,603,29,095,013703,1
136,290130703001046,16238,991,400,256,65,215,400,540,137,643,256,400,144,29,013,070300,1
137,291650300013013,39083,1498,602,541,40,318,602,1050,139,1105,541,602,61,29,165,030001,3
138,290299504001064,22812,2255,888,711,66,439,888,1475,192,1622,711,888,177,29,029,950400,1
139,201579781002226,28753,543,276,248,15,74,276,444,57,456,248,276,28,20,157,978100,2
140,290370606003059,21115,1245,497,318,130,317,497,873,119,998,318,497,179,29,037,060600,3
141,311090015003024,22833,1450,684,389,62,322,684,1059,55,1220,389,684,295,31,109,001500,3
142,201730066001000,19167,817,354,46,61,251,354,305,33,349,46,354,308,20,173,006600,1
143,291650303071129,,20,10,0,0,0,10,20,0,20,0,10,10,29,165,030307,1
144,200599545005048,17550,678,233,186,25,174,233,375,54,398,186,233,47,20,059,954500,5
145,290950021001028,9699,597,213,153,24,212,213,281,58,322,153,213,60,29,095,002100,1
146,290119602004079,18645,1414,567,485,54,337,567,918,156,991,485,567,82,29,011,960200,4
147,290950142043037,22300,3905,1331,593,151,1140,1331,1864,151,2287,593,1331,738,29,095,014204,3
148,551079601002163,23155,738,349,330,18,142,349,575,89,580,330,349,19,55,107,960100,2
149,490399721006147,17338,1702,512,391,175,488,512,892,102,972,391,512,121,49,039,972100,6
150,290950135021049,27640,2443,864,800,141,559,864,1502,233,1596,800,864,64,29,095,013502,1
151,080590102081017,27652,1207,475,402,15,206,475,777,110,943,402,475,73,08,059,010208,1
152,201079551004231,23182,1576,748,629,58,234,748,1224,185,1235,629,748,119,20,107,955100,4
153,290470213101043,29591,2389,829,770,36,763,829,1225,120,1570,770,829,59,29,047,021310,1
154,201079552004018,16852,792,363,219,15,177,363,483,87,584,219,363,144,20,107,955200,4
155,290950140051028,25889,1951,640,475,136,595,640,1079,95,1186,475,640,165,29,095,014005,1
156,320030029502000,19488,1211,431,196,77,385,431,679,80,765,196,431,235,32,003,002950,2
157,390250411034008,25061,1337,558,353,34,228,558,744,85,912,353,558,205,39,025,041103,4
158,290770038004047,55482,2394,931,885,98,668,931,1707,183,1736,885,931,46,29,077,003800,4
159,060133760002004,11418,1715,525,296,99,488,525,821,15,908,296,525,229,06,013,376000,2
160,290950007001012,10761,1295,343,167,186,318,343,514,16,701,167,343,176,29,095,000700,1
161,170898530063015,21024,1203,390,357,157,233,390,676,125,722,357,390,33,17,089,853006,3
162,201770016012017,78046,748,402,385,49,32,402,660,107,668,385,402,17,20,177,001601,2
163,200219585001015,23672,944,455,360,25,109,455,706,133,737,360,455,95,20,021,958500,1
164,200910528023008,35092,1217,444,444,36,253,444,691,102,879,444,444,0,20,091,052802,3
169,290370611002058,32409,892,344,307,73,134,344,588,100,619,307,344,37,29,037,061100,2
170,291414705002043,17506,711,375,279,5,91,375,997,205,1051,279,375,96,29,141,470500,2
171,171978832141045,24922,2793,1045,1013,144,734,1045,1609,238,1850,1013,1045,32,17,197,883214,1
172,202090438021008,22419,427,130,130,36,145,130,203,44,242,130,130,0,20,209,043802,1
173,200450012031036,24886,1833,683,477,73,449,683,1101,110,1255,477,683,206,20,045,001203,1
174,290190010022014,26470,2361,863,645,52,604,863,1284,207,1377,645,863,218,29,019,001002,2
175,202090440012015,21087,1184,477,325,39,267,477,807,97,885,325,477,152,20,209,044001,2
178,050554804002047,19044,1181,532,346,38,193,532,1058,240,1116,346,532,186,05,055,480400,2
179,290950111003032,19927,1345,611,298,63,234,611,818,158,949,298,611,313,29,095,011100,3
180,120570101062001,26169,2147,702,649,107,499,702,1252,233,1365,649,702,53,12,057,010106,2
181,050070214041023,17633,1521,524,416,43,353,524,948,146,1005,416,524,108,05,007,021404,1
182,220190005003008,29035,773,401,305,0,108,401,617,91,650,305,401,96,22,019,000500,3
183,290950011001013,31453,676,631,33,20,0,631,417,21,592,33,631,598,29,095,001100,1
184,061010507023012,39868,941,364,324,102,206,364,616,104,642,324,364,40,06,101,050702,3
185,290950110003007,14320,617,292,113,18,97,292,358,43,385,113,292,179,29,095,011000,3
186,290370603022014,21568,1480,693,496,99,238,693,987,303,1061,496,693,197,29,037,060302,2
187,080679708002007,40317,1238,519,245,15,85,519,749,100,928,245,519,274,08,067,970800,2
188,170317110001009,24040,1034,397,197,64,161,397,683,84,709,197,397,200,17,031,711000,1
189,121079504001017,18057,1097,482,362,10,165,482,688,98,735,362,482,120,12,107,950400,1
190,291070902002060,19515,1019,500,278,23,208,500,759,111,775,278,500,222,29,107,090200,2
191,290950152001141,36707,1353,987,194,26,80,987,889,62,1327,194,987,793,29,095,015200,1
192,291650306005053,29951,1046,422,400,24,171,422,773,82,834,400,422,22,29,165,030600,5
193,191530113004057,45868,4048,1465,1312,115,1249,1465,2573,208,2720,1312,1465,153,19,153,011300,4
194,291770803002096,23168,2446,904,814,92,639,904,1421,300,1542,814,904,90,29,177,080300,2
195,291450201001036,20003,578,245,199,24,122,245,375,103,424,199,245,46,29,145,020100,1
196,201170901861034,23338,624,274,220,47,114,274,437,35,451,220,274,54,20,117,090186,1
197,291650300022026,18257,2006,996,78,75,368,996,1118,117,1345,78,996,918,29,165,030002,2
198,050574801003120,22598,1054,438,369,64,176,438,704,113,724,369,438,69,05,057,480100,3
199,290130702002315,19311,1570,569,446,82,434,569,947,141,1025,446,569,123,29,013,070200,2
200,201730092002069,34050,1226,504,450,45,229,504,899,199,950,450,504,54,20,173,009200,2
201,400370210003001,13169,1635,595,407,102,395,595,902,111,990,407,595,188,40,037,021000,3
202,290470214011026,13336,769,360,258,448,182,360,496,54,566,258,360,102,29,047,021401,1
203,320030014024001,17828,768,163,110,0,211,163,310,23,451,110,163,53,32,003,001402,4
204,290499603002020,18748,1028,460,261,68,299,460,597,114,667,261,460,199,29,049,960300,2
205,120810007052007,8023,2646,614,108,291,946,614,749,0,937,108,614,506,12,081,000705,2
206,290839506004007,20216,1518,569,402,24,261,569,911,131,974,402,569,167,29,083,950600,4
207,290950142041015,50805,1950,730,701,192,433,730,1382,144,1423,701,730,29,29,095,014204,1
208,291833111142067,33966,2451,877,811,156,646,877,1549,212,1578,811,877,66,29,183,311114,2
209,291474704002079,18063,1442,691,242,94,69,691,637,79,790,242,691,449,29,147,470400,2
210,200850828002122,20341,2335,901,659,110,722,901,1276,155,1389,659,901,242,20,085,082800,2
211,201079552002063,23102,1155,546,479,58,206,546,824,64,887,479,546,67,20,107,955200,2
212,481210216132015,28541,835,317,258,33,209,317,413,26,582,258,317,59,48,121,021613,2
213,290299507002022,20259,1407,638,537,42,242,638,1096,231,1096,537,638,101,29,029,950700,2
214,200050818001016,31044,774,325,245,22,99,325,491,86,583,245,325,80,20,005,081800,1
215,060650497002005,40657,3595,969,949,430,1009,969,1885,221,2034,949,969,20,06,065,049700,2
216,201854707001189,22567,1085,408,305,102,259,408,644,58,677,305,408,103,20,185,470700,1
217,170010104001051,21369,1459,515,463,78,413,515,820,136,888,463,515,52,17,001,010400,1
218,191751904001008,24368,668,328,235,194,89,328,606,95,606,235,328,93,19,175,190400,1
219,201079551001064,25709,918,384,372,27,158,384,556,85,586,372,384,12,20,107,955100,1
220,200870203002061,23536,1100,465,342,64,245,465,706,79,739,342,465,123,20,087,020300,2
221,201459702004054,12128,1186,491,416,672,93,491,1564,409,1745,416,491,75,20,145,970200,4
222,290190017011077,25160,926,373,323,110,230,373,586,60,624,323,373,50,29,019,001701,1
223,201730098021026,29454,1711,522,492,156,486,522,881,182,1030,492,522,30,20,173,009802,1
224,160010023021002,23174,1138,509,379,122,181,509,693,69,836,379,509,130,16,001,002302,1
225,290499604002004,23619,1568,601,471,130,461,601,935,124,1014,471,601,130,29,049,960400,2
226,291892167004005,22508,882,499,215,71,104,499,936,145,955,215,499,284,29,189,216700,4
227,291892179313012,32025,1362,504,504,93,447,504,881,85,881,504,504,0,29,189,217931,3
228,150030109032007,22918,1950,618,213,192,455,618,1098,192,1225,213,618,405,15,003,010903,2
229,311299600003016,21997,546,242,216,15,108,242,380,40,409,216,242,26,31,129,960000,3
230,060650312002012,20841,744,275,198,65,183,275,429,52,479,198,275,77,06,065,031200,2
231,130890238011010,32211,938,419,380,19,144,419,662,159,723,380,419,39,13,089,023801,1
232,200530866002104,21755,1190,492,445,77,229,492,788,147,866,445,492,47,20,053,086600,2
233,291833117221021,23537,2413,834,684,190,681,834,1405,107,1492,684,834,150,29,183,311722,1
234,290398703004021,17117,1064,518,336,77,188,518,708,83,737,336,518,182,29,039,870300,4
235,310550050001006,19772,839,358,110,29,266,358,374,50,472,110,358,248,31,055,005000,1
236,290130702003067,19106,825,315,288,78,216,315,547,66,557,288,315,27,29,013,070200,3
237,290910908002067,24115,1111,510,376,31,86,510,1163,171,1163,376,510,134,29,091,090800,2
238,200599545002079,26579,985,399,348,72,177,399,703,115,740,348,399,51,20,059,954500,2
239,201730068002002,11061,1477,755,54,93,431,755,541,130,795,54,755,701,20,173,006800,2
240,290950072001014,108929,734,308,300,23,128,308,526,22,544,300,308,8,29,095,007200,1
241,401091081063029,66192,2288,786,774,135,615,786,1516,188,1560,774,786,12,40,109,108106,3
242,290950155002091,21426,564,336,143,47,39,336,369,94,418,143,336,193,29,095,015500,2
243,290430202023036,29380,1433,617,600,59,221,617,1113,255,1127,600,617,17,29,043,020202,3
244,201770033022021,31883,2510,934,898,246,657,934,1691,224,1761,898,934,36,20,177,003302,2
245,202070966001608,24963,1707,823,617,86,212,823,1240,291,1297,617,823,206,20,207,096600,1
246,060376012122004,13391,3389,1060,170,192,1015,1060,1661,104,1924,170,1060,890,06,037,601212,2
247,191550313001003,17944,1436,538,325,146,309,538,710,97,817,325,538,213,19,155,031300,1
248,290950140071102,25710,3128,1276,670,139,765,1276,1764,252,2001,670,1276,606,29,095,014007,1
249,200050816005122,19515,827,346,329,55,206,346,552,55,552,329,346,17,20,005,081600,5
250,510872001221007,35965,1463,506,487,51,376,506,950,90,957,487,506,19,51,087,200122,1
251,201690011002035,29149,1059,353,344,74,234,353,667,94,715,344,353,9,20,169,001100,2
252,310550074491031,36348,1273,558,363,32,236,558,985,142,985,363,558,195,31,055,007449,1
253,290470217023010,15593,799,348,163,36,190,348,448,86,510,163,348,185,29,047,021702,3
254,420770023013019,41734,814,346,315,89,109,346,646,92,646,315,346,31,42,077,002301,3
255,290259502006026,20465,578,235,171,31,165,235,308,80,347,171,235,64,29,025,950200,6
256,290190018032037,34776,966,437,385,26,195,437,699,78,744,385,437,52,29,019,001803,2
257,200050816002044,19311,702,282,232,19,191,282,403,40,465,232,282,50,20,005,081600,2
258,290470213072000,35152,3668,1417,1101,141,1106,1417,2033,164,2241,1101,1417,316,29,047,021307,2
259,290950152001187,36707,1353,987,194,26,80,987,889,62,1327,194,987,793,29,095,015200,1
260,290210018003018,18902,799,316,248,21,149,316,441,74,484,248,316,68,29,021,001800,3
261,291094705004013,16175,510,237,159,3,151,237,304,66,341,159,237,78,29,109,470500,4
262,200379575001106,14952,467,342,94,12,12,342,316,123,365,94,342,248,20,037,957500,1
263,290950181002003,31673,1430,465,435,113,414,465,836,208,888,435,465,30,29,095,018100,2
264,401430023011066,22301,1018,508,140,146,117,508,594,47,640,140,508,368,40,143,002301,1
265,201770030011000,19368,1507,674,431,67,340,674,939,174,1003,431,674,243,20,177,003001,1
266,050850206002057,26605,732,302,248,19,140,302,533,70,547,248,302,54,05,085,020600,2
267,201730010002015,12798,1686,606,334,149,613,606,679,47,825,334,606,272,20,173,001000,2
268,290499601003037,16123,976,334,154,24,283,334,452,101,528,154,334,180,29,049,960100,3
269,290470213063013,27475,2204,741,741,47,786,741,1272,118,1388,741,741,0,29,047,021306,3
270,371470003024002,36379,2272,913,784,139,414,913,1448,279,1570,784,913,129,37,147,000302,4
271,290370612001046,25741,1004,436,349,41,121,436,666,158,734,349,436,87,29,037,061200,1
272,191690009003010,22273,656,296,178,32,145,296,403,63,453,178,296,118,19,169,000900,3
273,201390104002094,20199,1833,720,566,74,409,720,1164,221,1262,566,720,154,20,139,010400,2
274,290770041032020,33028,3928,1397,1240,181,1136,1397,2241,190,2412,1240,1397,157,29,077,004103,2
275,530330324021000,36636,1706,556,556,183,480,556,990,80,1069,556,556,0,53,033,032402,1
276,401091083045021,21101,999,432,242,38,231,432,571,117,719,242,432,190,40,109,108304,5
277,201770036042030,41961,2747,988,848,197,764,988,1973,293,2027,848,988,140,20,177,003604,2
278,201730034002001,18879,774,324,239,54,153,324,494,112,511,239,324,85,20,173,003400,2
279,290190015031034,19396,749,287,213,0,263,287,405,0,473,213,287,74,29,019,001503,1
280,201770009002022,14526,884,371,265,52,177,371,474,69,603,265,371,106,20,177,000900,2
281,170310801005014,136824,1207,840,529,0,20,840,965,93,1113,529,840,311,17,031,080100,5
282,201730054002011,26054,596,483,299,29,0,483,567,69,567,299,483,184,20,173,005400,2
283,201919621001050,21028,1196,528,307,13,317,528,796,266,810,307,528,221,20,191,962100,1
284,060375760012008,50419,2266,1267,243,29,130,1267,1492,176,1945,243,1267,1024,06,037,576001,2
285,200134807003034,16181,1413,573,337,16,419,573,842,64,976,337,573,236,20,013,480700,3
286,371830528082045,28345,2245,933,697,56,509,933,1436,202,1535,697,933,236,37,183,052808,2
287,201579783001126,16745,931,439,348,34,207,439,605,99,647,348,439,91,20,157,978300,1
288,201770041001036,21839,1106,587,256,35,91,587,960,132,1101,256,587,331,20,177,004100,1
289,291070904006075,26011,1411,595,535,82,329,595,959,42,992,535,595,60,29,107,090400,6
290,290950134085031,34328,923,532,474,37,64,532,751,80,817,474,532,58,29,095,013408,5
291,290770044004050,20126,2164,810,620,229,315,810,1591,226,1732,620,810,190,29,077,004400,4
292,040131072012002,6965,2208,692,89,92,951,692,787,19,1054,89,692,603,04,013,107201,2
293,481576706014019,28699,1800,605,550,43,235,605,940,185,1229,550,605,55,48,157,670601,4
294,295101232002021,38419,549,349,102,0,21,349,429,76,469,102,349,247,29,510,123200,2
295,180571111022009,30297,2448,918,617,164,545,918,1322,132,1528,617,918,301,18,057,111102,2
296,401430058055000,24482,980,343,300,64,283,343,523,52,606,300,343,43,40,143,005805,5
297,131210021001031,15516,3252,1027,237,569,471,1027,2173,368,2474,237,1027,790,13,121,002100,1
298,311090030013064,21669,3371,1095,863,167,987,1095,1422,170,1798,863,1095,232,31,109,003001,3
299,121030251112003,29482,697,588,342,0,0,588,772,211,772,342,588,246,12,103,025111,2
300,200119557001026,21954,1452,623,533,51,327,623,987,173,1060,533,623,90,20,011,955700,1
301,291070906012021,25958,866,329,290,71,180,329,551,63,623,290,329,39,29,107,090601,2
302,270530216011000,37165,979,365,336,25,235,365,686,105,702,336,365,29,27,053,021601,1
303,481059501001656,30608,747,294,105,52,180,294,339,65,427,105,294,189,48,105,950100,1
304,060590760004001,31471,2083,686,455,117,400,686,1152,113,1260,455,686,231,06,059,076000,4
305,201550008003062,13267,633,302,223,38,188,302,320,70,364,223,302,79,20,155,000800,3
306,201770008002020,16756,1081,488,391,9,174,488,691,117,758,391,488,97,20,177,000800,2
307,200119556002063,15064,1041,340,314,117,316,340,575,63,587,314,340,26,20,011,955600,2
308,120860059022001,16242,1031,393,245,45,111,393,798,12,920,245,393,148,12,086,005902,2
309,291070906021050,25020,1506,493,493,35,417,493,949,131,993,493,493,0,29,107,090602,1
310,401539534002088,32309,487,269,150,18,61,269,289,7,340,150,269,119,40,153,953400,2
311,201730030002005,12326,817,326,89,0,190,326,403,57,451,89,326,237,20,173,003000,2
312,060379012091525,26311,1407,529,439,42,217,529,1036,111,1058,439,529,90,06,037,901209,1
313,401430001001059,12063,2340,812,346,82,673,812,1192,146,1401,346,812,466,40,143,000100,1
314,291650306003072,25072,1206,444,397,74,259,444,771,128,796,397,444,47,29,165,030600,3
315,480291316154012,19991,1169,467,272,69,285,467,622,160,730,272,467,195,48,029,131615,4
316,291650305003011,21463,556,246,144,23,150,246,469,91,515,144,246,102,29,165,030500,3
317,483239503002004,23455,1342,467,281,59,346,467,787,97,858,281,467,186,48,323,950300,2
318,482015213001001,13371,1576,418,325,147,411,418,657,54,772,325,418,93,48,201,521300,1
319,170312519002024,21280,981,396,191,76,133,396,669,45,691,191,396,205,17,031,251900,2
320,280590401023002,18608,1119,361,246,54,157,361,716,303,791,246,361,115,28,059,040102,3
321,390610078002002,14677,1057,471,221,96,239,471,644,93,698,221,471,250,39,061,007800,2
322,170314208001009,14786,1175,423,103,157,199,423,661,68,707,103,423,320,17,031,420800,1
323,040250018022022,61562,2033,1060,724,95,293,1060,1636,382,1686,724,1060,336,04,025,001802,2
324,200599545003114,26547,957,396,339,45,220,396,574,117,633,339,396,57,20,059,954500,3
325,291019602002009,23083,963,370,311,18,233,370,605,54,681,311,370,59,29,101,960200,2
326,371590512022023,29147,1948,718,643,146,461,718,1345,244,1370,643,718,75,37,159,051202,2
327,371190057061004,21809,1490,612,549,0,287,612,898,132,1047,549,612,63,37,119,005706,1
328,200450004002006,4705,555,249,0,2808,160,249,324,170,585,0,249,249,20,045,000400,2
329,201974831002124,27467,932,319,284,37,288,319,512,111,590,284,319,35,20,197,483100,2
330,170318184022002,36872,660,339,328,11,117,339,492,71,522,328,339,11,17,031,818402,2
331,290997014041030,24217,2220,925,855,178,396,925,1816,308,1910,855,925,70,29,099,701404,1
332,292179502001589,15059,938,368,268,51,251,368,533,68,629,268,368,100,29,217,950200,1
333,290154603003066,14633,1076,592,372,94,147,592,916,125,942,372,592,220,29,015,460300,3
334,483090030002000,23657,1413,938,215,32,131,938,1195,189,1333,215,938,723,48,309,003000,2
335,291892164002010,76499,1043,416,310,49,243,416,676,52,747,310,416,106,29,189,216400,2
336,201730108021000,28453,1875,887,368,135,415,887,859,73,1135,368,887,519,20,173,010802,1
337,201474752001364,26486,798,353,240,43,136,353,523,95,560,240,353,113,20,147,475200,1
338,200739658002219,20907,1190,540,419,42,203,540,869,118,894,419,540,121,20,073,965800,2
339,201730073011001,69135,1574,523,523,63,528,523,984,70,1019,523,523,0,20,173,007301,1
340,080899685002009,30909,590,272,224,45,72,272,398,90,453,224,272,48,08,089,968500,2
341,120570012002024,11079,1427,523,175,82,524,523,562,44,768,175,523,348,12,057,001200,2
342,360050395004003,12772,400,139,32,9,33,139,226,0,321,32,139,107,36,005,039500,4
343,200150202031051,36676,1510,504,471,124,419,504,928,116,970,471,504,33,20,015,020203,1
344,201730083001015,28777,1993,823,719,161,273,823,1396,275,1426,719,823,104,20,173,008300,1
345,481130111033011,15418,1391,449,390,102,205,449,857,79,935,390,449,59,48,113,011103,3
346,290210016003016,23906,698,323,309,26,146,323,427,103,509,309,323,14,29,021,001600,3
347,290470213031019,26341,1660,526,457,123,490,526,831,101,944,457,526,69,29,047,021303,1
348,360610171002000,77637,2136,969,296,15,300,969,1241,8,1694,296,969,673,36,061,017100,2
349,211110126045007,25537,844,373,301,25,123,373,544,75,613,301,373,72,21,111,012604,5
350,201610008014006,10485,1123,462,76,99,114,462,321,99,368,76,462,386,20,161,000801,4
351,400013767004014,13173,477,236,116,43,70,236,408,60,417,116,236,120,40,001,376700,4
352,190430706002021,20556,1276,488,420,58,351,488,684,100,830,420,488,68,19,043,070600,2
353,290950145022023,31404,2456,1093,736,97,581,1093,1552,256,1719,736,1093,357,29,095,014502,2
357,270677808002031,15310,1255,589,338,94,233,589,581,31,676,338,589,251,27,067,780800,2
358,291754903005072,11151,668,350,84,43,165,350,341,31,426,84,350,266,29,175,490300,5
359,181670112004000,7236,1291,554,175,64,240,554,3125,320,3640,175,554,379,18,167,011200,4
360,080659617001122,20939,1039,368,304,30,310,368,475,69,699,304,368,64,08,065,961700,1
361,200179606001040,34628,579,244,240,44,103,244,427,66,435,240,244,4,20,017,960600,1
362,080439782003007,23572,446,228,166,10,95,228,318,42,326,166,228,62,08,043,978200,3
363,290210028005058,26599,1267,474,399,25,367,474,753,111,828,399,474,75,29,021,002800,5
364,291474702003294,23431,1440,557,478,119,298,557,892,60,960,478,557,79,29,147,470200,3
365,290950147021020,38292,1002,401,347,65,181,401,697,89,711,347,401,54,29,095,014702,1
366,390610216022003,15333,922,326,164,21,202,326,434,62,549,164,326,162,39,061,021602,2
367,291892151021010,42835,2277,1180,522,139,273,1180,1492,190,1754,522,1180,658,29,189,215102,1
368,480396604001013,33168,3623,1571,787,69,942,1571,1993,208,2287,787,1571,784,48,039,660400,1
369,390351834021010,23636,1597,651,400,130,300,651,1020,110,1059,400,651,251,39,035,183402,1
370,295101181002021,16523,614,353,91,36,85,353,397,24,441,91,353,262,29,510,118100,2
371,292179504003030,14599,1036,512,250,61,188,512,629,55,733,250,512,262,29,217,950400,3
372,080050852001012,47526,1134,389,339,90,262,389,796,104,811,339,389,50,08,005,085200,1
373,170310622002017,82639,1101,593,352,8,81,593,442,45,835,352,593,241,17,031,062200,2
374,201799526001166,28165,676,263,240,46,191,263,435,87,435,240,263,23,20,179,952600,1
375,482013433012014,25361,1354,456,456,45,382,456,757,148,841,456,456,0,48,201,343301,2
376,271431703001096,28188,1117,450,405,64,208,450,764,70,808,405,450,45,27,143,170300,1
377,201730071022005,20942,1859,645,512,91,497,645,981,170,1174,512,645,133,20,173,007102,2
378,201974831003194,20548,1095,357,285,61,254,357,628,75,672,285,357,72,20,197,483100,3
379,290950134053030,9985,822,270,56,90,371,270,228,12,252,56,270,214,29,095,013405,3
380,170279004024000,27752,757,342,251,59,135,342,515,81,584,251,342,91,17,027,900402,4
381,171150030005022,25889,620,264,223,26,129,264,413,69,438,223,264,41,17,115,003000,5
382,201599672002021,19861,801,399,288,0,129,399,599,78,651,288,399,111,20,159,967200,2
383,201730066002008,13336,1623,485,7,52,699,485,327,222,578,7,485,478,20,173,006600,2
384,481130166183033,19187,1517,513,359,38,461,513,883,140,966,359,513,154,48,113,016618,3
385,310550059021029,11576,863,357,210,11,225,357,546,77,610,210,357,147,31,055,005902,1
386,120860082082028,19307,1461,378,266,64,279,378,835,13,996,266,378,112,12,086,008208,2
387,482013335003012,13254,2225,836,119,154,640,836,1092,105,1319,119,836,717,48,201,333500,3
388,360610236002004,13969,1455,608,7,111,259,608,991,67,1117,7,608,601,36,061,023600,2
389,060372140002008,44518,1146,459,293,10,264,459,765,64,815,293,459,166,06,037,214000,2
390,120110409012016,13053,2446,683,520,175,563,683,1283,78,1422,520,683,163,12,011,040901,2
391,201730059002018,16196,1740,659,579,51,347,659,996,134,1139,579,659,80,20,173,005900,2
392,060290038031226,38719,4401,1385,1316,290,1128,1385,2591,215,2738,1316,1385,69,06,029,003803,1
393,290190012021033,33810,2008,845,510,199,405,845,989,79,1288,510,845,335,29,019,001202,1
394,200099716005020,13550,857,336,215,52,231,336,498,21,512,215,336,121,20,009,971600,5
395,551110004011004,27930,2855,1185,825,114,648,1185,1779,244,1907,825,1185,360,55,111,000401,1
396,290154608004290,14802,576,281,270,0,61,281,515,120,515,270,281,11,29,015,460800,4
397,011170303191035,16698,2302,762,548,173,506,762,1758,196,1905,548,762,214,01,117,030319,1
398,090034167004007,23392,1573,633,459,17,214,633,1049,95,1188,459,633,174,09,003,416700,4
399,201770035001107,35147,2089,818,788,98,413,818,1477,213,1550,788,818,30,20,177,003500,1
400,511790103012020,42328,1241,397,370,105,242,397,767,135,816,370,397,27,51,179,010301,2
401,290430203042000,14972,1869,871,380,115,425,871,941,160,1216,380,871,491,29,043,020304,2
402,481210204021022,23844,1627,570,388,165,462,570,823,114,890,388,570,182,48,121,020402,1
403,060371397012011,76023,1292,456,425,64,274,456,793,51,932,425,456,31,06,037,139701,2
404,481410034042017,27928,1873,1002,429,59,284,1002,1201,260,1318,429,1002,573,48,141,003404,2
405,120110308023000,29399,1911,1045,618,23,124,1045,1729,359,1823,618,1045,427,12,011,030802,3
406,480850316483004,162170,824,252,252,14,259,252,499,15,524,252,252,0,48,085,031648,3
407,290770015002024,20760,1818,814,491,50,384,814,1222,206,1282,491,814,323,29,077,001500,2
408,010830204011022,16556,2148,818,591,47,372,818,1483,193,1585,591,818,227,01,083,020401,1
409,170312101003009,24546,1237,450,195,0,276,450,729,28,835,195,450,255,17,031,210100,3
410,200599541005060,18881,1772,687,506,111,493,687,1031,137,1084,506,687,181,20,059,954100,5
411,401091050001006,7354,891,232,157,93,216,232,339,0,418,157,232,75,40,109,105000,1
412,290759602004001,18294,1091,416,296,83,315,416,628,97,682,296,416,120,29,075,960200,4
413,200410841001157,23858,1406,550,451,89,269,550,952,125,983,451,550,99,20,041,084100,1
414,482013114001023,12575,2221,605,342,151,652,605,1144,54,1306,342,605,263,48,201,311400,1
415,200610005004043,25970,636,274,174,85,118,274,421,147,421,174,274,100,20,061,000500,4
416,120570004012013,10955,1127,411,113,8,274,411,539,28,597,113,411,298,12,057,000401,2
417,290030102001053,24261,993,416,338,41,101,416,636,79,662,338,416,78,29,003,010200,1
418,290470218042033,30157,1426,482,417,112,397,482,877,95,914,417,482,65,29,047,021804,2
419,120860008042019,13988,2749,891,267,109,333,891,1908,21,2082,267,891,624,12,086,000804,2
420,310899740002308,24215,1024,429,326,62,178,429,667,80,726,326,429,103,31,089,974000,2
421,290950149021007,25235,1100,405,348,86,263,405,661,125,728,348,405,57,29,095,014902,1
422,250010141001239,16574,1311,455,0,67,473,455,458,117,575,0,455,455,25,001,014100,1
423,401110002001062,18587,868,342,238,56,160,342,554,118,619,238,342,104,40,111,000200,1
424,290510201982031,25765,3035,984,869,237,921,984,1660,232,1779,869,984,115,29,051,020198,2
425,391130301002065,15422,1194,404,271,42,258,404,591,128,673,271,404,133,39,113,030100,2
426,131210092003008,41261,1895,1220,381,0,214,1220,1153,116,1467,381,1220,839,13,121,009200,3
427,120310125004004,22322,789,311,280,0,103,311,498,101,534,280,311,31,12,031,012500,4
428,291019606001031,17337,720,377,166,42,36,377,371,124,444,166,377,211,29,101,960600,1
429,490351121003007,19812,1014,356,134,47,233,356,542,79,626,134,356,222,49,035,112100,3
430,295101192002008,45032,438,252,161,0,23,252,480,48,490,161,252,91,29,510,119200,2
431,310790010002003,12458,1705,663,325,56,554,663,791,107,951,325,663,338,31,079,001000,2
432,311759714002067,25470,767,340,283,17,178,340,546,93,577,283,340,57,31,175,971400,2
433,420034480001022,24834,1168,541,329,65,200,541,765,131,866,329,541,212,42,003,448000,1
434,170316809004029,6807,1098,386,33,83,357,386,448,16,481,33,386,353,17,031,680900,4
435,120950120002000,11237,2802,759,591,115,794,759,1285,112,1510,591,759,168,12,095,012000,2
436,310550074675002,22614,1209,720,0,4,250,720,632,52,707,0,720,720,31,055,007467,5
437,310579623002339,31669,603,263,210,13,111,263,453,25,476,210,263,53,31,057,962300,2
438,390351351061012,48389,1246,476,442,61,308,476,866,56,911,442,476,34,39,035,135106,1
439,484391135144000,20155,1744,681,184,183,338,681,1048,129,1171,184,681,497,48,439,113514,4
440,200134808004031,18026,627,281,184,28,91,281,511,89,538,184,281,97,20,013,480800,4
441,201690003006009,19306,681,190,144,62,232,190,324,83,401,144,190,46,20,169,000300,6
442,290210006001033,25076,1066,504,437,36,229,504,684,164,754,437,504,67,29,021,000600,1
443,481130141031099,12744,739,301,8,11,94,301,256,63,404,8,301,293,48,113,014103,1
444,250110415024000,28292,734,338,199,24,89,338,555,73,593,199,338,139,25,011,041502,4
445,290614702005016,14239,750,298,204,54,144,298,435,75,476,204,298,94,29,061,470200,5
446,290210025002027,18523,776,351,277,43,138,351,479,56,527,277,351,74,29,021,002500,2
447,201730095071059,40123,2957,965,946,182,937,965,1737,229,1863,946,965,19,20,173,009507,1
448,480913109011089,37192,1767,615,524,201,386,615,1167,185,1201,524,615,91,48,091,310901,1
449,060290033042534,26353,976,340,274,85,128,340,628,152,659,274,340,66,06,029,003304,2
450,400890982003055,19000,1118,463,378,34,247,463,735,113,781,378,463,85,40,089,098200,3
451,371759605004035,13176,2340,811,499,59,817,811,1221,250,1396,499,811,312,37,175,960500,4
452,201519688004008,32436,723,275,239,60,194,275,469,31,490,239,275,36,20,151,968800,4
453,271390807001000,28596,1523,439,425,98,499,439,821,43,906,425,439,14,27,139,080700,1
454,292254702023029,14958,1537,597,339,143,411,597,873,91,1028,339,597,258,29,225,470202,3
455,291770800003001,37815,1529,572,504,72,362,572,984,146,1034,504,572,68,29,177,080000,3
456,120010017012020,22888,3182,1460,457,98,711,1460,1869,293,2035,457,1460,1003,12,001,001701,2
457,260937121011000,30869,2775,958,879,91,694,958,1703,355,1882,879,958,79,26,093,712101,1
458,201550014002126,17568,864,283,255,34,300,283,514,35,557,255,283,28,20,155,001400,2
459,170318166003001,15971,1848,497,238,40,617,497,746,31,993,238,497,259,17,031,816600,3
460,212259502013067,19226,1874,742,478,149,346,742,1111,228,1296,478,742,264,21,225,950201,3
461,360593040012010,38087,1325,427,427,78,350,427,837,81,885,427,427,0,36,059,304001,2
462,484530011001046,77041,2469,1414,504,47,105,1414,1753,211,2335,504,1414,910,48,453,001100,1
463,051250105031051,18617,1181,428,403,134,182,428,735,83,816,403,428,25,05,125,010503,1
464,481410004032041,15172,1998,706,356,133,604,706,1110,252,1134,356,706,350,48,141,000403,2
465,290950139021000,28783,1122,389,307,43,270,389,641,77,711,307,389,82,29,095,013902,1
466,060510001014288,31964,1052,412,185,20,212,412,602,0,770,185,412,227,06,051,000101,4
467,310550002003036,13312,306,146,69,33,61,146,397,51,419,69,146,77,31,055,000200,3
468,060650435042015,23987,2828,1362,1307,19,359,1362,2217,541,2385,1307,1362,55,06,065,043504,2
469,060730018003011,24140,561,264,43,0,75,264,403,31,454,43,264,221,06,073,001800,3
470,517100015002008,36714,1389,656,218,128,244,656,712,198,851,218,656,438,51,710,001500,2
471,350319438001000,12793,869,256,192,149,194,256,437,37,457,192,256,64,35,031,943800,1
472,221190318001018,17737,1093,407,305,76,328,407,576,114,674,305,407,102,22,119,031800,1
473,261158307001037,24032,1412,611,437,80,263,611,809,131,975,437,611,174,26,115,830700,1
474,482013241004053,15649,1443,412,243,60,458,412,760,33,781,243,412,169,48,201,324100,4
475,202070967001223,22921,1584,751,545,64,324,751,1034,151,1160,545,751,206,20,207,096700,1
476,060650439001001,24255,2113,701,602,160,428,701,1299,111,1429,602,701,99,06,065,043900,1
477,060190026022008,11722,1418,447,154,136,398,447,743,27,843,154,447,293,06,019,002602,2
478,291059605002020,14119,846,397,218,17,223,397,493,69,550,218,397,179,29,105,960500,2
479,291219601001104,14790,832,371,247,44,201,371,566,83,621,247,371,124,29,121,960100,1
480,380170003001027,7624,522,359,0,231,14,359,104,10,245,0,359,359,38,017,000300,1
481,191315603004009,18942,808,370,249,50,238,370,521,115,548,249,370,121,19,131,560300,4
482,290370607003079,25034,1522,516,466,90,372,516,948,142,987,466,516,50,29,037,060700,3
483,201730043002033,26151,572,455,66,0,40,455,663,156,774,66,455,389,20,173,004300,2
484,050330203012017,16494,2000,716,530,97,388,716,1178,171,1299,530,716,186,05,033,020301,2
485,471570226001038,15731,1449,537,248,42,523,537,594,61,672,248,537,289,47,157,022600,1
486,460619641002145,22371,1179,443,371,73,324,443,725,141,789,371,443,72,46,061,964100,2
487,191690006003015,28915,616,243,214,22,179,243,321,7,425,214,243,29,19,169,000600,3
488,200850826002015,26356,1520,553,436,102,323,553,936,169,967,436,553,117,20,085,082600,2
489,200319663001032,25019,1116,484,344,69,282,484,861,179,861,344,484,140,20,031,966300,1
490,484999501002021,22008,1476,639,590,114,218,639,1120,254,1148,590,639,49,48,499,950100,2
491,291833103012016,31669,2336,1012,927,217,421,1012,1676,304,1749,927,1012,85,29,183,310301,2
492,290499604003049,24908,1440,608,438,135,240,608,888,183,979,438,608,170,29,049,960400,3
493,291414701001116,20240,1289,463,443,59,366,463,834,168,892,443,463,20,29,141,470100,1
494,295101153004019,12638,849,277,201,17,348,277,354,48,389,201,277,76,29,510,115300,4
495,201770031002004,8576,1201,458,53,80,513,458,510,68,567,53,458,405,20,177,003100,2
496,131210067001025,19968,739,279,198,26,115,279,448,32,543,198,279,81,13,121,006700,1
497,350010045021011,13955,1486,494,435,81,481,494,784,131,842,435,494,59,35,001,004502,1
498,201730093012009,23556,1854,606,531,50,429,606,873,136,1141,531,606,75,20,173,009301,2
499,170318432002056,14867,1282,381,137,46,309,381,663,10,807,137,381,244,17,031,843200,2
500,421010217003009,26512,895,348,222,26,109,348,572,84,603,222,348,126,42,101,021700,3
501,201610013023026,33931,832,291,276,36,126,291,517,143,601,276,291,15,20,161,001302,3
502,290270707003002,32679,1359,600,533,23,162,600,1076,237,1132,533,600,67,29,027,070700,3
503,360050397002000,11245,945,258,0,61,230,258,465,0,543,0,258,258,36,005,039700,2
504,260050322001018,25092,2519,1078,979,121,510,1078,1612,227,1823,979,1078,99,26,005,032200,1
505,201730014004002,24407,1356,616,466,86,302,616,893,99,982,466,616,150,20,173,001400,4
506,360050185001001,12958,1464,476,49,91,433,476,793,0,829,49,476,427,36,005,018500,1
507,401430076341035,56272,3540,1741,762,35,559,1741,2123,297,2614,762,1741,979,40,143,007634,1
508,220430204012068,17420,1685,618,455,135,423,618,1032,146,1091,455,618,163,22,043,020401,2
509,290997005031010,28102,913,366,258,0,170,366,621,94,716,258,366,108,29,099,700503,1
510,081010006003032,17625,476,262,126,23,65,262,354,59,368,126,262,136,08,101,000600,3
511,290839501003067,21760,1843,715,540,82,489,715,1027,188,1158,540,715,175,29,083,950100,3
512,201770036011036,28758,1151,466,432,75,255,466,818,151,847,432,466,34,20,177,003601,1
513,291070904002003,27225,850,370,319,11,161,370,579,109,633,319,370,51,29,107,090400,2
514,291892152012000,59336,1239,446,446,29,347,446,802,82,823,446,446,0,29,189,215201,2
515,401255011022030,20115,2194,791,717,180,631,791,1360,294,1438,717,791,74,40,125,501102,2
516,370459512006000,20179,1146,389,264,84,405,389,669,131,669,264,389,125,37,045,951200,6
517,484736805002092,15470,1485,535,289,52,309,535,811,23,987,289,535,246,48,473,680500,2
518,201099546001127,23197,880,434,361,55,190,434,624,68,662,361,434,73,20,109,954600,1
519,120860002141030,18396,1691,551,435,104,620,551,837,63,934,435,551,116,12,086,000214,1
520,121079512004062,20017,880,447,401,40,123,447,677,98,735,401,447,46,12,107,951200,4
521,060014234001001,26314,1038,400,188,61,223,400,489,36,611,188,400,212,06,001,423400,1
522,291650306001004,23670,683,355,172,18,94,355,456,122,516,172,355,183,29,165,030600,1
523,270531028001000,8177,629,262,119,62,233,262,305,3,327,119,262,143,27,053,102800,1
524,290130701003033,19446,1828,749,569,58,423,749,1226,180,1385,569,749,180,29,013,070100,3
525,471251007001007,59929,424,202,105,33,50,202,325,61,347,105,202,97,47,125,100700,1
526,201730006002049,10075,1264,582,143,110,370,582,632,120,727,143,582,439,20,173,000600,2
527,484391217021048,21053,1129,549,130,93,169,549,545,109,710,130,549,419,48,439,121702,1
528,482770001012014,17476,1813,573,481,165,470,573,1045,54,1117,481,573,92,48,277,000101,2
529,201211005002231,29888,974,350,315,98,267,350,592,76,639,315,350,35,20,121,100500,2
530,311459632002009,17294,999,486,219,47,246,486,587,139,728,219,486,267,31,145,963200,2
531,060190064031017,18945,2180,939,731,90,153,939,1758,489,1857,731,939,208,06,019,006403,1
532,051430105093000,41280,2245,829,640,147,621,829,1402,127,1494,640,829,189,05,143,010509,3
533,200599545006094,19991,840,366,271,66,201,366,589,158,591,271,366,95,20,059,954500,6
534,040270005011002,25209,1227,363,306,100,421,363,571,94,683,306,363,57,04,027,000501,1
535,200599545004111,28850,965,374,361,45,246,374,626,81,639,361,374,13,20,059,954500,4
536,191130029004011,19182,965,510,131,28,202,510,535,97,740,131,510,379,19,113,002900,4
537,050690015011021,17189,2764,869,529,269,854,869,1180,185,1421,529,869,340,05,069,001501,1
538,201390101004057,30109,610,288,271,30,72,288,475,75,519,271,288,17,20,139,010100,4
539,291414703002024,15706,1245,528,399,63,297,528,811,97,842,399,528,129,29,141,470300,2
540,370710308012024,20522,803,347,331,0,114,347,640,53,671,331,347,16,37,071,030801,2
541,170898530042004,23928,597,370,117,0,85,370,487,36,487,117,370,253,17,089,853004,2
542,051159514001077,21557,1144,582,138,130,157,582,470,99,730,138,582,444,05,115,951400,1
543,291892108033020,31533,1435,605,477,47,311,605,1296,272,1340,477,605,128,29,189,210803,3
544,290950143003010,30007,1101,368,341,52,344,368,670,52,788,341,368,27,29,095,014300,3
545,291019603005080,21961,926,408,356,62,199,408,648,111,655,356,408,52,29,101,960300,5
546,292254701012162,18242,1168,411,353,116,189,411,766,209,796,353,411,58,29,225,470101,2
547,080050068571006,112150,1372,472,472,58,413,472,931,124,947,472,472,0,08,005,006857,1
548,040190040611195,35065,3943,1503,1372,200,918,1503,2646,522,2731,1372,1503,131,04,019,004061,1
549,290339601003030,25222,746,285,221,42,159,285,490,47,512,221,285,64,29,033,960100,3
550,291892120021001,11286,2435,968,245,292,886,968,971,133,1024,245,968,723,29,189,212002,1
551,401255010014037,19232,2698,979,691,85,610,979,1654,288,1825,691,979,288,40,125,501001,4
552,360050361003003,10450,1199,500,0,94,319,500,669,0,685,0,500,500,36,005,036100,3
553,181410026003007,16439,1204,406,399,96,334,406,735,116,754,399,406,7,18,141,002600,3
554,260992453001002,39955,647,426,161,0,15,426,483,68,537,161,426,265,26,099,245300,1
555,290130702001134,24440,1033,418,329,19,230,418,723,122,741,329,418,89,29,013,070200,1
556,481410011121017,25169,1900,625,451,131,454,625,1042,112,1113,451,625,174,48,141,001112,1
557,390950049001002,11588,1236,559,148,70,337,559,733,130,784,148,559,411,39,095,004900,1
558,201814537001082,21505,768,320,294,48,98,320,525,52,631,294,320,26,20,181,453700,1
559,200050816001142,22365,995,345,260,77,237,345,575,92,646,260,345,85,20,005,081600,1
560,120860120004006,16169,2553,919,171,110,756,919,1363,25,1574,171,919,748,12,086,012000,4
561,295101242003021,18654,719,282,113,50,122,282,307,36,495,113,282,169,29,510,124200,3
562,261158304004001,28769,963,366,356,43,107,366,720,132,740,356,366,10,26,115,830400,4
563,060590878022034,31345,1622,578,235,94,233,578,1040,42,1185,235,578,343,06,059,087802,2
564,401350301031062,13518,2939,986,578,276,745,986,1499,168,1643,578,986,408,40,135,030103,1
565,480019505004037,28955,1056,342,270,28,176,342,653,116,779,270,342,72,48,001,950500,4
566,201770039021039,35905,2499,983,932,153,407,983,1883,253,1977,932,983,51,20,177,003902,1
567,120090666001010,29814,2416,1057,973,103,371,1057,1831,427,1921,973,1057,84,12,009,066600,1
568,483550031011006,14246,1810,624,407,189,425,624,821,156,996,407,624,217,48,355,003101,1
569,450190046063029,47305,1820,843,511,53,323,843,1457,316,1574,511,843,332,45,019,004606,3
570,211999308002012,21075,1408,587,476,93,277,587,947,76,965,476,587,111,21,199,930800,2
571,190130010004003,21990,779,328,295,40,141,328,457,73,583,295,328,33,19,013,001000,4
572,060710095005014,28012,1137,514,340,56,196,514,814,159,896,340,514,174,06,071,009500,5
573,481799506001019,12219,691,277,194,41,91,277,491,59,513,194,277,83,48,179,950600,1
574,482150202043029,12635,3066,748,533,382,1289,748,1175,78,1462,533,748,215,48,215,020204,3
575,483396943012005,46015,3996,1326,1271,338,1199,1326,2474,255,2534,1271,1326,55,48,339,694301,2
576,200019528003097,16347,928,460,311,21,160,460,630,130,684,311,460,149,20,001,952800,3
577,051159513001015,22210,2365,908,572,110,660,908,1170,127,1435,572,908,336,05,115,951300,1
578,290470219002077,34194,1798,694,675,85,412,694,1245,138,1273,675,694,19,29,047,021900,2
579,292074706002059,43416,1928,791,592,100,463,791,1115,189,1306,592,791,199,29,207,470600,2
580,120570102041029,25154,3113,1040,764,300,706,1040,1543,245,1819,764,1040,276,12,057,010204,1
581,484391110031019,25830,1174,440,388,82,235,440,767,88,814,388,440,52,48,439,111003,1
582,400370211013082,13922,671,221,167,53,215,221,312,25,357,167,221,54,40,037,021101,3
583,295101037002007,30771,1132,584,436,26,132,584,741,82,844,436,584,148,29,510,103700,2
584,170679537002163,19877,1775,734,630,116,305,734,1219,209,1393,630,734,104,17,067,953700,2
585,201390102001151,28466,857,315,288,93,178,315,566,70,566,288,315,27,20,139,010200,1
586,080050808002012,19626,720,219,201,28,192,219,480,34,488,201,219,18,08,005,080800,2
587,170318173001056,16870,2540,759,504,175,562,759,1411,91,1593,504,759,255,17,031,817300,1
588,051450705001009,17231,1488,507,288,103,366,507,859,179,961,288,507,219,05,145,070500,1
589,290770018002065,12052,1337,556,297,24,215,556,691,102,865,297,556,259,29,077,001800,2
590,261635697001001,25427,1286,501,374,78,375,501,754,136,836,374,501,127,26,163,569700,1
591,330059713001005,19159,770,363,167,36,161,363,469,69,583,167,363,196,33,005,971300,1
592,060590890031000,12907,1366,343,40,33,309,343,617,15,722,40,343,303,06,059,089003,1
593,010730001005030,11680,364,154,74,34,81,154,191,17,216,74,154,80,01,073,000100,5
594,510594405022008,43655,1706,538,514,160,407,538,1038,165,1038,514,538,24,51,059,440502,2
595,295101271003061,13008,916,419,84,79,258,419,515,155,557,84,419,335,29,510,127100,3
596,360610229003000,14722,1494,577,40,145,223,577,847,30,960,40,577,537,36,061,022900,3
597,390351275011041,14119,1440,670,456,83,237,670,947,227,1055,456,670,214,39,035,127501,1
598,360470400001005,17907,1005,461,142,39,150,461,765,109,792,142,461,319,36,047,040000,1
599,132450105111022,15475,1883,545,377,234,483,545,1473,112,1812,377,545,168,13,245,010511,1
600,220150108041003,23966,1212,488,445,61,290,488,802,256,850,445,488,43,22,015,010804,1
601,311530106272024,47313,1224,478,467,39,325,478,775,58,853,467,478,11,31,153,010627,2
602,171379520001009,19665,946,514,193,79,90,514,737,78,772,193,514,321,17,137,952000,1
603,484510018001011,15463,600,223,80,52,74,223,464,45,538,80,223,143,48,451,001800,1
604,360050065002003,10393,2899,983,0,181,701,983,1526,37,1744,0,983,983,36,005,006500,2
605,401539531001200,40108,562,247,230,33,59,247,454,72,457,230,247,17,40,153,953100,1
606,290950151001093,20311,1779,580,547,100,343,580,1209,162,1304,547,580,33,29,095,015100,1
607,292254704011122,18147,1713,569,525,251,605,569,903,81,958,525,569,44,29,225,470401,1
608,400173014092005,18488,1930,629,502,82,523,629,890,95,1112,502,629,127,40,017,301409,2
609,270530082004003,16656,914,373,41,0,213,373,648,77,834,41,373,332,27,053,008200,4
610,292134802024085,15022,1419,631,414,58,326,631,819,89,968,414,631,217,29,213,480202,4
611,170370016001111,25211,4221,1364,1139,170,1237,1364,2178,220,2620,1139,1364,225,17,037,001600,1
612,483550014001008,25419,621,323,175,0,151,323,429,25,470,175,323,148,48,355,001400,1
613,051190043032059,31997,5578,2493,1434,189,1237,2493,3218,389,3824,1434,2493,1059,05,119,004303,2
614,201550003001037,35573,2357,887,682,163,559,887,1534,199,1577,682,887,205,20,155,000300,1
615,410510050001087,70758,1822,1206,502,24,29,1206,1281,127,1629,502,1206,704,41,051,005000,1
616,320179502002131,15218,934,420,265,82,234,420,602,117,604,265,420,155,32,017,950200,2
617,530110404163004,33963,1068,343,343,46,395,343,609,101,635,343,343,0,53,011,040416,3
618,550590004002003,20438,702,310,186,56,165,310,349,95,433,186,310,124,55,059,000400,2
619,481130154011032,30626,1487,633,617,102,268,633,1074,246,1137,617,633,16,48,113,015401,1
620,400137962001008,18091,1017,559,182,59,135,559,722,136,774,182,559,377,40,013,796200,1
621,290299502003009,24837,1067,472,307,43,126,472,600,103,668,307,472,165,29,029,950200,3
622,290839504003077,17541,786,398,358,0,59,398,653,93,711,358,398,40,29,083,950400,3
623,130890219092002,22884,1147,395,328,106,303,395,702,89,763,328,395,67,13,089,021909,2
624,310550071011038,19969,1184,510,458,50,270,510,761,113,845,458,510,52,31,055,007101,1
625,484391132161017,24768,1510,678,328,73,325,678,866,129,972,328,678,350,48,439,113216,1
626,550790060001002,11550,755,243,89,21,245,243,379,25,452,89,243,154,55,079,006000,1
627,200430202001083,20686,635,218,182,34,186,218,371,56,394,182,218,36,20,043,020200,1
628,551332002012032,42666,2018,801,588,115,519,801,1253,98,1344,588,801,213,55,133,200201,2
629,261635678003005,32603,774,350,350,23,133,350,560,63,600,350,350,0,26,163,567800,3
630,371830540141088,24004,8269,2828,2237,389,2210,2828,4335,632,5243,2237,2828,591,37,183,054014,1
631,482015560002023,27890,1814,570,496,56,509,570,1002,126,1094,496,570,74,48,201,556000,2
632,120860006044015,16551,1553,499,361,68,178,499,1088,0,1274,361,499,138,12,086,000604,4
633,201259505001164,15719,1550,666,513,74,331,666,906,228,1018,513,666,153,20,125,950500,1
634,361031224062005,17880,2019,484,241,41,407,484,1088,58,1297,241,484,243,36,103,122406,2
635,320030058341019,27172,3243,1085,845,129,951,1085,1881,278,2075,845,1085,240,32,003,005834,1
636,400470015002004,11528,1793,607,302,190,642,607,692,71,849,302,607,305,40,047,001500,2
637,290414701002089,18978,1163,505,404,39,280,505,781,115,826,404,505,101,29,041,470100,2
638,201079552001098,26881,663,302,255,5,113,302,475,100,502,255,302,47,20,107,955200,1
639,410390043003008,14866,1442,544,300,88,303,544,840,161,974,300,544,244,41,039,004300,3
640,291770801001126,23888,713,275,233,43,154,275,412,93,465,233,275,42,29,177,080100,1
641,330150650015007,35502,727,221,207,104,261,221,430,84,430,207,221,14,33,015,065001,5
642,290614702002102,21968,1456,540,419,66,250,540,941,122,1015,419,540,121,29,061,470200,2
643,180190503041002,20689,1747,699,362,31,438,699,938,241,1124,362,699,337,18,019,050304,1
644,295101113002026,14241,863,469,95,68,172,469,602,100,639,95,469,374,29,510,111300,2
645,290470218053010,25417,3273,1125,818,177,1009,1125,1864,306,2043,818,1125,307,29,047,021805,3
646,471319654001035,19604,1497,591,390,132,329,591,973,125,1039,390,591,201,47,131,965400,1
647,482013312002015,14055,1356,416,151,42,354,416,759,77,822,151,416,265,48,201,331200,2
648,081010032002147,24218,801,303,259,30,191,303,533,102,533,259,303,44,08,101,003200,2
649,060371310202003,16761,1166,324,131,93,228,324,653,43,768,131,324,193,06,037,131020,2
650,481130160022015,13288,1446,456,195,112,259,456,652,33,777,195,456,261,48,113,016002,2
651,010830208011027,34328,1975,811,796,73,339,811,1423,205,1456,796,811,15,01,083,020801,1
652,191530108021052,29162,5540,1938,1909,221,1372,1938,3306,361,3633,1909,1938,29,19,153,010802,1
653,220510239011025,38112,1093,424,415,18,156,424,859,149,871,415,424,9,22,051,023901,1
654,291892205012015,28359,1856,886,774,44,315,886,1397,185,1458,774,886,112,29,189,220501,2
655,482015331002007,11653,2403,783,326,156,844,783,1031,49,1159,326,783,457,48,201,533100,2
656,080119667001149,24864,998,440,314,32,178,440,697,84,731,314,440,126,08,011,966700,1
657,201730096031037,24067,3079,944,909,169,650,944,1785,286,1954,909,944,35,20,173,009603,1
658,390610007003006,33830,642,554,50,0,0,554,502,58,615,50,554,504,39,061,000700,3
659,292090904004038,19904,1037,507,447,0,236,507,686,166,724,447,507,60,29,209,090400,4
660,201730101161145,24450,2175,751,751,246,605,751,1106,81,1238,751,751,0,20,173,010116,1
661,480291411012004,6096,1597,428,71,53,530,428,410,73,591,71,428,357,48,029,141101,2
662,201279636004346,24789,723,319,286,7,114,319,555,88,581,286,319,33,20,127,963600,4
663,060670093111001,29088,2604,811,640,82,755,811,1465,204,1601,640,811,171,06,067,009311,1
664,060590741082004,13432,2164,292,233,184,459,292,998,21,1173,233,292,59,06,059,074108,2
665,121319506036024,28807,798,422,184,0,85,422,525,155,701,184,422,238,12,131,950603,6
666,120860110051031,14360,2464,689,568,192,671,689,1315,34,1439,568,689,121,12,086,011005,1
667,511455002002063,30845,1860,770,695,80,461,770,1337,138,1372,695,770,75,51,145,500200,2
668,470299203002047,16824,1075,405,333,52,223,405,638,131,763,333,405,72,47,029,920300,2
669,270370608231021,40759,2947,883,883,202,1022,883,1700,120,1759,883,883,0,27,037,060823,1
670,060816135011007,32567,1842,604,354,75,311,604,1020,99,1260,354,604,250,06,081,613501,1
671,200039537002344,22551,947,399,290,79,220,399,577,72,624,290,399,109,20,003,953700,2
672,340390324001000,16051,664,211,96,38,242,211,239,11,342,96,211,115,34,039,032400,1
673,290270704004015,19218,1033,421,182,83,219,421,470,92,590,182,421,239,29,027,070400,4
674,291594809001026,7589,906,297,154,106,61,297,347,80,370,154,297,143,29,159,480900,1
675,060374307242002,24136,1939,880,310,46,372,880,1355,70,1469,310,880,570,06,037,430724,2
676,360810711002000,32039,2299,1049,468,191,434,1049,1441,33,1569,468,1049,581,36,081,071100,2
677,060190054052010,24907,1110,421,288,72,176,421,667,69,732,288,421,133,06,019,005405,2
678,484391136301003,40871,756,311,291,30,74,311,543,68,575,291,311,20,48,439,113630,1
679,200150208002045,15612,2102,714,457,209,706,714,1038,115,1159,457,714,257,20,015,020800,2
680,170190109003050,28220,989,434,282,53,278,434,671,121,697,282,434,152,17,019,010900,3
681,201170701823138,17538,1017,413,310,20,265,413,714,134,771,310,413,103,20,117,070182,3
682,480850306052003,23626,2741,909,760,195,1057,909,1331,111,1565,760,909,149,48,085,030605,2
683,371070102002017,14589,454,263,153,49,46,263,323,42,335,153,263,110,37,107,010200,2
684,270530207001000,26116,928,383,317,50,165,383,572,60,685,317,383,66,27,053,020700,1
685,291770801002016,20054,800,290,242,55,225,290,433,45,461,242,290,48,29,177,080100,2
686,060014251042008,40983,1729,951,372,39,93,951,1198,26,1427,372,951,579,06,001,425104,2
687,131530210004021,24494,1377,549,482,0,304,549,827,161,847,482,549,67,13,153,021000,4
688,120860081012001,46890,893,292,292,59,351,292,513,34,513,292,292,0,12,086,008101,2
689,360610251001002,12226,1493,378,0,127,100,378,996,42,1095,0,378,378,36,061,025100,1
690,484391065114017,26947,940,406,202,51,264,406,466,42,615,202,406,204,48,439,106511,4
691,201770040004014,9278,940,349,58,0,253,349,567,49,687,58,349,291,20,177,004000,4
692,261635373001005,10507,815,213,139,63,255,213,305,41,382,139,213,74,26,163,537300,1
693,295101014002012,17014,846,368,261,40,154,368,473,43,561,261,368,107,29,510,101400,2
694,080140304001012,29225,1129,313,289,25,350,313,540,57,644,289,313,24,08,014,030400,1
695,040132179001025,38615,1954,987,594,69,204,987,1030,120,1361,594,987,393,04,013,217900,1
696,180973702021020,20560,1272,505,432,13,112,505,983,158,1038,432,505,73,18,097,370202,1
697,291279609004005,23739,948,459,343,61,166,459,609,126,688,343,459,116,29,127,960900,4
698,480850316131010,41184,1749,675,675,104,267,675,1357,146,1400,675,675,0,48,085,031613,1
699,484391112023000,16369,1423,413,344,204,343,413,632,68,773,344,413,69,48,439,111202,3
700,060730132034000,14505,1008,309,139,152,286,309,568,88,568,139,309,170,06,073,013203,4
701,401430029003001,16942,927,432,272,15,137,432,658,146,698,272,432,160,40,143,002900,3
702,080350140091025,21404,999,308,283,15,332,308,458,39,537,283,308,25,08,035,014009,1
703,080590117282015,67685,1208,561,507,61,111,561,998,191,1025,507,561,54,08,059,011728,2
704,310550038004015,31274,402,211,173,20,39,211,346,50,356,173,211,38,31,055,003800,4
705,292179506002175,17787,1261,410,327,64,371,410,665,66,701,327,410,83,29,217,950600,2
706,200430203003058,20088,632,290,177,62,97,290,389,69,428,177,290,113,20,043,020300,3
707,481130165234014,25737,356,154,101,35,95,154,201,38,244,101,154,53,48,113,016523,4
708,181519708003075,18193,1874,744,597,200,453,744,1070,118,1102,597,744,147,18,151,970800,3
709,080690013071032,35503,4214,1705,1287,147,1034,1705,2461,440,2817,1287,1705,418,08,069,001307,1
710,484530018462021,44623,1317,561,552,30,222,561,972,130,1052,552,561,9,48,453,001846,2
711,471570221124002,13926,899,451,114,94,220,451,467,36,467,114,451,337,47,157,022112,4
712,131210012012010,48487,1324,991,272,13,27,991,625,129,1022,272,991,719,13,121,001201,2
713,060374814024002,24255,647,216,187,11,105,216,481,41,519,187,216,29,06,037,481402,4
714,120210112051011,15042,507,120,42,16,90,120,352,0,387,42,120,78,12,021,011205,1
715,120110915001017,13091,2915,794,610,211,540,794,1566,52,1868,610,794,184,12,011,091500,1
716,291450205023041,22181,1801,827,515,0,281,827,1274,350,1379,515,827,312,29,145,020502,3
717,421298041001030,17834,1212,822,181,57,46,822,772,70,911,181,822,641,42,129,804100,1
718,517000317022010,25331,1868,730,386,78,502,730,1098,285,1209,386,730,344,51,700,031702,2
719,480610132061024,8232,3612,802,664,520,1225,802,1542,45,1648,664,802,138,48,061,013206,1
720,120860007071007,20683,1039,312,207,38,129,312,731,12,750,207,312,105,12,086,000707,1
721,120860010033016,14006,1532,575,249,102,217,575,947,63,1017,249,575,326,12,086,001003,3
722,400413758013056,19762,1253,540,509,79,220,540,936,197,952,509,540,31,40,041,375801,3
723,120570116132004,17487,1573,678,122,141,309,678,888,0,1064,122,678,556,12,057,011613,2
724,191930020003001,25222,445,213,182,15,43,213,333,83,364,182,213,31,19,193,002000,3
725,051159512003026,16976,2401,982,742,98,308,982,1366,202,1672,742,982,240,05,115,951200,3
726,170810504003055,5957,781,313,250,105,187,313,1908,220,2321,250,313,63,17,081,050400,3
727,291892218003088,13672,786,293,79,49,209,293,350,54,417,79,293,214,29,189,221800,3
728,484850115002005,22056,452,183,183,32,78,183,511,61,568,183,183,0,48,485,011500,2
729,401430076141012,36577,1459,498,394,52,324,498,1011,124,1035,394,498,104,40,143,007614,1
730,484391012023005,12419,1618,471,330,21,531,471,838,47,911,330,471,141,48,439,101202,3
731,261251600005011,43571,633,276,276,14,94,276,451,89,504,276,276,0,26,125,160000,5
732,060375545143009,23987,1358,438,368,101,216,438,890,80,937,368,438,70,06,037,554514,3
733,090053101002004,27857,943,498,412,37,69,498,641,84,691,412,498,86,09,005,310100,2
734,484391115224008,14089,1153,367,250,133,365,367,588,86,622,250,367,117,48,439,111522,4
735,480850316412047,38651,3962,1198,881,206,1341,1198,2138,45,2355,881,1198,317,48,085,031641,2
736,290339603004008,16140,1087,516,249,39,201,516,693,90,819,249,516,267,29,033,960300,4
737,081230015002021,25968,589,298,200,78,103,298,418,45,426,200,298,98,08,123,001500,2
738,391650305043028,47399,1964,707,672,75,466,707,1313,217,1444,672,707,35,39,165,030504,3
739,201770035002051,27831,3162,1215,958,183,892,1215,1816,205,2032,958,1215,257,20,177,003500,2
740,290154601001092,23879,812,328,286,23,219,328,525,105,545,286,328,42,29,015,460100,1
741,290770026002020,34522,802,324,324,28,129,324,538,122,599,324,324,0,29,077,002600,2
742,290430204003012,16877,2496,1020,713,181,501,1020,1314,183,1522,713,1020,307,29,043,020400,3
743,271630709111005,31215,1429,465,465,89,325,465,900,93,983,465,465,0,27,163,070911,1
744,470499651003054,25978,1244,603,466,28,198,603,938,132,991,466,603,137,47,049,965100,3
745,480270235002074,12413,726,284,125,0,225,284,344,66,404,125,284,159,48,027,023500,2
746,201490002001029,25377,1324,484,440,89,340,484,875,153,906,440,484,44,20,149,000200,1
747,110010076052003,23132,2217,1127,69,203,177,1127,1428,228,1619,69,1127,1058,11,001,007605,2
748,220730053023017,25298,1284,476,405,16,290,476,915,134,955,405,476,71,22,073,005302,3
749,090012106004005,19354,897,448,91,51,221,448,438,11,529,91,448,357,09,001,210600,4
750,201490003002081,19466,1832,584,460,129,665,584,842,83,968,460,584,124,20,149,000300,2
751,291019602005052,21868,1047,459,403,27,176,459,685,94,742,403,459,56,29,101,960200,5
752,171118713053006,28270,1300,448,384,61,197,448,833,118,942,384,448,64,17,111,871305,3
753,200610006003052,9895,2268,580,0,19,1172,580,533,207,861,0,580,580,20,061,000600,3
754,080050151001024,37235,1439,554,512,74,253,554,1028,128,1068,512,554,42,08,005,015100,1
755,200870201021025,24239,1458,566,487,132,378,566,901,146,963,487,566,79,20,087,020102,1
756,120990081013084,21469,1887,779,524,130,355,779,1170,19,1324,524,779,255,12,099,008101,3
757,290839503001091,19889,896,401,278,56,185,401,541,96,641,278,401,123,29,083,950300,1
758,450190031063019,16067,3207,1003,792,291,971,1003,1534,319,1682,792,1003,211,45,019,003106,3
759,340297227023010,31563,1416,467,436,158,384,467,830,68,868,436,467,31,34,029,722702,3
760,481130165181008,21121,1255,479,328,87,272,479,780,39,847,328,479,151,48,113,016518,1
761,120570115072000,43680,3141,976,890,120,1135,976,1636,185,1793,890,976,86,12,057,011507,2
762,180973201092006,36650,1533,524,524,96,396,524,966,64,977,524,524,0,18,097,320109,2
763,201137887004006,17878,548,266,202,16,113,266,554,57,577,202,266,64,20,113,788700,4
764,110010021013004,22780,1266,466,418,110,165,466,807,105,911,418,466,48,11,001,002101,3
765,050070214072043,29568,1232,550,524,73,242,550,925,240,925,524,550,26,05,007,021407,2
766,401335836001019,14740,739,322,276,40,225,322,514,57,518,276,322,46,40,133,583600,1
767,360610242003010,10757,589,166,0,29,228,166,281,0,323,0,166,166,36,061,024200,3
768,060374820023004,33493,2276,817,497,22,521,817,1391,61,1638,497,817,320,06,037,482002,3
769,270531097002006,19306,888,367,169,74,164,367,539,22,664,169,367,198,27,053,109700,2
770,291770800003027,37815,1529,572,504,72,362,572,984,146,1034,504,572,68,29,177,080000,3
771,200354935004001,16983,736,328,217,14,178,328,347,33,426,217,328,111,20,035,493500,4
772,290970114002000,19470,1152,422,366,126,358,422,533,18,689,366,422,56,29,097,011400,2
773,401430073051001,17471,2098,1048,235,108,311,1048,1156,100,1379,235,1048,813,40,143,007305,1
774,290299508002075,15275,1061,416,322,6,304,416,641,88,719,322,416,94,29,029,950800,2
775,551050033002023,21747,1214,480,355,50,266,480,771,63,874,355,480,125,55,105,003300,2
776,481872107102007,35117,1648,539,539,88,407,539,1091,314,1249,539,539,0,48,187,210710,2
777,340311758012006,11001,1851,681,69,208,365,681,962,10,1102,69,681,612,34,031,175801,2
778,170999639001028,18881,699,292,195,8,128,292,329,17,454,195,292,97,17,099,963900,1
779,220570212001002,18465,1525,550,435,151,279,550,986,56,1102,435,550,115,22,057,021200,1
780,200790301001008,30706,815,350,219,13,174,350,471,85,535,219,350,131,20,079,030100,1
781,171194017212019,25066,2130,844,592,77,517,844,1184,174,1383,592,844,252,17,119,401721,2
782,261158329002047,27135,1290,440,396,56,325,440,773,146,822,396,440,44,26,115,832900,2
783,301119400004002,33277,1502,522,504,89,413,522,914,113,969,504,522,18,30,111,940000,4
784,201730055022041,18207,1570,574,358,55,393,574,675,113,873,358,574,216,20,173,005502,2
785,481350028024084,11144,1377,410,207,34,462,410,566,28,718,207,410,203,48,135,002802,4
786,261635386003002,22543,815,350,275,86,245,350,515,63,515,275,350,75,26,163,538600,3
787,200019526001182,23913,2008,866,697,70,445,866,1351,196,1446,697,866,169,20,001,952600,1
788,060014372003005,30866,873,287,272,68,186,287,511,42,577,272,287,15,06,001,437200,3
789,120950164121037,23397,4955,1762,1478,263,955,1762,2642,304,2937,1478,1762,284,12,095,016412,1
790,200219583001032,16907,1032,425,285,12,305,425,646,83,713,285,425,140,20,021,958300,1
791,290554501021089,16591,1357,501,353,28,381,501,759,116,824,353,501,148,29,055,450102,1
792,191690104002023,23709,1234,505,333,33,333,505,643,30,744,333,505,172,19,169,010400,2
793,481130181244003,30688,1197,429,298,118,299,429,741,116,754,298,429,131,48,113,018124,4
794,481576753001151,18914,1075,418,295,105,156,418,766,116,786,295,418,123,48,157,675300,1
795,290099601002012,16889,1552,593,551,66,415,593,909,140,988,551,593,42,29,009,960100,2
796,291319627002228,17234,2263,922,780,48,564,922,1445,119,1537,780,922,142,29,131,962700,2
797,290770005022011,13572,524,246,99,9,144,246,134,12,301,99,246,147,29,077,000502,2
798,290370612003008,21950,1465,591,457,68,314,591,887,98,945,457,591,134,29,037,061200,3
799,201919624003109,29196,1567,706,567,48,244,706,1067,166,1221,567,706,139,20,191,962400,3
800,270131712023000,13940,1114,430,200,62,210,430,423,37,547,200,430,230,27,013,171202,3
801,240317008301003,35848,1787,764,77,72,374,764,904,94,1272,77,764,687,24,031,700830,1
802,040131036112003,54203,1438,567,567,30,246,567,1098,110,1144,567,567,0,04,013,103611,2
803,180610604003039,20722,1329,541,438,47,268,541,1182,217,1224,438,541,103,18,061,060400,3
804,040250004012039,29655,2158,1099,833,51,258,1099,1579,271,1664,833,1099,266,04,025,000401,2
805,120860088045019,19317,1611,544,376,61,253,544,1027,0,1105,376,544,168,12,086,008804,5
806,200319662003016,21910,1401,540,430,142,375,540,880,137,926,430,540,110,20,031,966200,3
807,180890415001000,16595,1778,629,294,144,670,629,910,186,980,294,629,335,18,089,041500,1
808,481130199004013,11384,1112,344,181,39,244,344,538,13,694,181,344,163,48,113,019900,4
809,010970067012025,14043,1395,523,375,160,339,523,768,123,901,375,523,148,01,097,006701,2
810,200850826005058,22872,693,265,250,67,131,265,462,42,479,250,265,15,20,085,082600,5
811,180350015004023,15145,989,443,269,32,294,443,617,137,668,269,443,174,18,035,001500,4
812,230310240003060,21606,2742,1020,841,308,550,1020,1701,234,1863,841,1020,179,23,031,024000,3
813,290210003002058,23468,1919,878,613,110,317,878,1246,90,1374,613,878,265,29,021,000300,2
814,550250025001065,14247,1366,620,369,61,358,620,729,91,798,369,620,251,55,025,002500,1
815,310550074323001,25087,1316,619,359,21,178,619,773,115,988,359,619,260,31,055,007432,3
816,551050030012017,18332,1151,420,222,110,209,420,733,31,927,222,420,198,55,105,003001,2
817,121270910241057,17543,3720,1236,1053,192,1016,1236,2040,300,2316,1053,1236,183,12,127,091024,1
818,200319661002561,26116,1537,656,583,68,332,656,1049,116,1114,583,656,73,20,031,966100,2
819,171635043543000,26861,1412,697,309,153,361,697,921,187,958,309,697,388,17,163,504354,3
820,290210010003009,14642,917,357,119,75,217,357,433,119,552,119,357,238,29,021,001000,3
821,311090037092009,25548,1039,440,271,32,163,440,640,97,726,271,440,169,31,109,003709,2
822,480990107013003,28296,1650,509,425,86,306,509,964,402,1122,425,509,84,48,099,010701,3
823,080010093163009,32608,1024,644,574,0,0,644,1024,228,1024,574,644,70,08,001,009316,3
824,450130011021024,14920,1500,769,561,79,259,769,1025,152,1061,561,769,208,45,013,001102,1
825,120860189004005,22661,2198,660,556,212,811,660,1167,53,1265,556,660,104,12,086,018900,4
826,120110204042005,18659,4098,1046,952,321,910,1046,2370,179,2607,952,1046,94,12,011,020404,2
827,170318426002032,12111,592,132,99,23,181,132,322,29,348,99,132,33,17,031,842600,2
828,400770871002205,18292,980,403,313,69,189,403,668,92,705,313,403,90,40,077,087100,2
829,190130014005003,49089,1014,464,440,9,127,464,809,128,854,440,464,24,19,013,001400,5
830,271711008024033,30594,2914,958,890,130,997,958,1501,119,1738,890,958,68,27,171,100802,4
831,291319626004005,22882,714,342,296,49,81,342,568,130,597,296,342,46,29,131,962600,4
832,180973504001004,17551,807,394,152,0,100,394,424,35,593,152,394,242,18,097,350400,1
833,040070005003091,29859,3139,1360,1096,72,561,1360,2254,444,2453,1096,1360,264,04,007,000500,3
834,261450009001003,9794,491,223,68,0,165,223,264,69,298,68,223,155,26,145,000900,1
835,200870201015029,26457,1629,614,614,96,400,614,1113,78,1133,614,614,0,20,087,020101,5
836,080410050001016,24805,1541,571,445,106,420,571,863,256,999,445,571,126,08,041,005000,1
837,281639504001092,23146,893,216,162,120,286,216,497,96,497,162,216,54,28,163,950400,1
838,060670074031009,17840,2122,591,520,162,499,591,1031,207,1243,520,591,71,06,067,007403,1
839,340258082003004,37989,522,382,175,0,72,382,366,65,382,175,382,207,34,025,808200,3
840,270370601032005,37740,1483,611,470,97,426,611,915,104,935,470,611,141,27,037,060103,2
841,131171304052004,34518,1825,562,484,137,365,562,1077,74,1237,484,562,78,13,117,130405,2
842,291059601005123,14426,1280,566,418,50,311,566,892,115,911,418,566,148,29,105,960100,5
843,291892103004000,17150,971,432,218,25,146,432,574,32,702,218,432,214,29,189,210300,4
844,295101269003025,7685,1322,393,335,435,408,393,471,24,545,335,393,58,29,510,126900,3
845,471570101102003,12719,1879,609,203,112,497,609,806,91,924,203,609,406,47,157,010110,2
846,482211602071000,24826,1205,506,444,154,164,506,860,190,877,444,506,62,48,221,160207,1
847,150030042001003,37716,1315,811,384,0,31,811,896,186,1157,384,811,427,15,003,004200,1
848,060710045031025,34935,1828,529,498,138,414,529,998,106,1173,498,529,31,06,071,004503,1
849,170318188002016,25737,995,330,237,95,253,330,649,39,660,237,330,93,17,031,818800,2
850,201730081002120,22775,1869,749,665,61,401,749,1217,138,1305,665,749,84,20,173,008100,2
851,181050010023008,38011,1230,531,307,31,359,531,635,47,700,307,531,224,18,105,001002,3
852,291594801003141,20144,864,339,289,67,138,339,484,63,619,289,339,50,29,159,480100,3
853,171635033043000,22741,1851,649,574,81,506,649,893,269,1095,574,649,75,17,163,503304,3
854,170316605004006,18811,1060,296,171,118,290,296,565,45,597,171,296,125,17,031,660500,4
855,170318047163012,37477,1161,467,240,79,154,467,812,16,855,240,467,227,17,031,804716,3
856,290119603004036,21786,873,319,252,15,328,319,497,53,524,252,319,67,29,011,960300,4
857,040159520041065,19315,3775,1615,1171,66,585,1615,2941,509,3066,1171,1615,444,04,015,952004,1
858,051430111023024,14512,1059,446,138,41,242,446,469,97,555,138,446,308,05,143,011102,3
859,292134801061139,24286,1762,791,414,0,199,791,1126,160,1396,414,791,377,29,213,480106,1
860,281339504021021,5879,1286,402,223,34,270,402,541,40,609,223,402,179,28,133,950402,1
861,261635727004014,28532,1364,560,533,101,202,560,893,95,1009,533,560,27,26,163,572700,4
862,131210087004015,23167,1027,567,111,64,181,567,644,0,699,111,567,456,13,121,008700,4
863,290414701001424,18181,1116,403,379,21,195,403,884,123,929,379,403,24,29,041,470100,1
864,330150500002051,39599,2698,1067,1015,119,511,1067,1911,248,2039,1015,1067,52,33,015,050000,2
865,340230037003017,26669,999,399,293,0,188,399,563,89,654,293,399,106,34,023,003700,3
866,202070966001423,24963,1707,823,617,86,212,823,1240,291,1297,617,823,206,20,207,096600,1
867,291770801003161,24375,1224,407,324,47,340,407,695,47,777,324,407,83,29,177,080100,3
868,291833119031006,34099,1917,925,551,93,267,925,1349,317,1530,551,925,374,29,183,311903,1
869,060670074161010,19265,1888,761,570,91,479,761,1228,156,1339,570,761,191,06,067,007416,1
870,201279637003072,18470,723,330,246,50,107,330,445,70,496,246,330,84,20,127,963700,3
871,120190301031024,25091,1980,658,624,143,230,658,1396,392,1445,624,658,34,12,019,030103,1
872,290614702003047,16743,1427,490,306,61,480,490,745,117,864,306,490,184,29,061,470200,3
873,292134804021042,17685,911,400,364,24,180,400,635,92,678,364,400,36,29,213,480402,1
874,381010103011009,25892,1146,461,283,41,279,461,594,144,733,283,461,178,38,101,010301,1
875,291019609002175,22237,1418,530,433,69,428,530,838,157,920,433,530,97,29,101,960900,2
876,271370011001015,38718,1363,479,342,105,274,479,723,87,851,342,479,137,27,137,001100,1
877,271617905001049,23763,2006,854,758,106,452,854,1258,165,1376,758,854,96,27,161,790500,1
878,270531112002000,49558,648,304,224,8,120,304,469,13,500,224,304,80,27,053,111200,2
879,200150201001267,25604,1225,522,361,77,274,522,717,107,780,361,522,161,20,015,020100,1
880,390490097111015,22410,1273,493,375,48,248,493,753,177,809,375,493,118,39,049,009711,1
881,390610101003010,22875,1135,580,301,16,231,580,793,75,871,301,580,279,39,061,010100,3
882,481130078213000,11921,1162,415,14,50,337,415,413,0,596,14,415,401,48,113,007821,3
883,371119707001097,15660,1344,640,413,79,168,640,904,163,951,413,640,227,37,111,970700,1
884,201170605102033,19460,1805,807,579,78,438,807,1129,156,1184,579,807,228,20,117,060510,2
885,390351078022008,31192,2126,1570,0,58,68,1570,987,201,1562,0,1570,1570,39,035,107802,2
886,291534701003216,17984,1010,361,286,64,159,361,707,105,722,286,361,75,29,153,470100,3
887,470459642004010,18711,916,384,209,108,203,384,482,61,593,209,384,175,47,045,964200,4
888,290259501002097,20767,530,232,166,31,113,232,361,60,378,166,232,66,29,025,950100,2
889,130590012001001,29054,1678,928,269,29,239,928,1037,77,1145,269,928,659,13,059,001200,1
890,271090014013005,34115,987,562,131,28,298,562,614,103,678,131,562,431,27,109,001401,3
891,270530059021010,14800,1088,465,65,25,270,465,520,59,701,65,465,400,27,053,005902,1
892,040134226071014,22742,1588,908,621,20,98,908,2133,332,2149,621,908,287,04,013,422607,1
893,360050265001002,10571,1649,538,41,123,369,538,917,0,936,41,538,497,36,005,026500,1
894,060710057011015,8174,1042,630,9,36,168,630,755,59,801,9,630,621,06,071,005701,1
895,350010032011020,23859,1437,705,431,17,206,705,1080,205,1135,431,705,274,35,001,003201,1
896,291694704003014,21681,2061,757,366,185,541,757,1018,358,1206,366,757,391,29,169,470400,3
897,350130017052008,8287,1924,508,369,141,402,508,935,59,1070,369,508,139,35,013,001705,2
898,120810008102032,67362,3137,1523,1171,73,311,1523,2575,578,2681,1171,1523,352,12,081,000810,2
899,371830536081043,28796,2035,718,445,96,675,718,1004,69,1159,445,718,273,37,183,053608,1
900,291174805001063,11055,1648,731,254,88,516,731,835,198,974,254,731,477,29,117,480500,1
901,200559605011031,29337,939,361,278,18,183,361,598,91,708,278,361,83,20,055,960501,1
902,180973309001010,13135,1760,675,166,87,506,675,654,85,859,166,675,509,18,097,330900,1
903,290470222002037,24339,728,337,290,8,105,337,506,101,576,290,337,47,29,047,022200,2
904,261635345001008,9754,555,157,115,0,118,157,308,67,373,115,157,42,26,163,534500,1
905,261635796004020,17809,1264,535,312,89,271,535,731,36,805,312,535,223,26,163,579600,4
906,517600711001028,39298,1113,606,455,29,101,606,856,87,966,455,606,151,51,760,071100,1
907,530419704002030,20562,837,462,179,45,99,462,545,46,644,179,462,283,53,041,970400,2
908,401430094011015,25527,914,381,347,128,102,381,623,101,698,347,381,34,40,143,009401,1
909,080310030032008,5832,646,413,51,890,0,413,89,9,211,51,413,362,08,031,003003,2
910,191810209001010,22368,2635,1163,547,69,632,1163,1373,227,1603,547,1163,616,19,181,020900,1
911,320030029642001,21434,1422,675,183,16,166,675,1008,148,1159,183,675,492,32,003,002964,2
912,481130190392002,22848,743,330,165,26,135,330,471,11,500,165,330,165,48,113,019039,2
913,550939603001033,34658,1438,528,466,76,287,528,975,135,1059,466,528,62,55,093,960300,1
914,290839504002072,18428,863,376,279,35,184,376,551,100,594,279,376,97,29,083,950400,2
915,484530018332001,19581,1408,602,327,114,222,602,786,99,955,327,602,275,48,453,001833,2
916,191573704003017,21315,628,306,227,6,201,306,367,50,421,227,306,79,19,157,370400,3
917,201110007001097,19455,1725,605,484,115,512,605,995,102,1053,484,605,121,20,111,000700,1
918,291650306004011,26710,1025,440,369,35,214,440,697,97,744,369,440,71,29,165,030600,4
919,201770036072040,39341,1427,643,336,87,260,643,905,96,1013,336,643,307,20,177,003607,2
920,171790210001009,22371,666,324,261,28,84,324,453,110,501,261,324,63,17,179,021000,1
921,201079551005111,22289,1240,559,543,22,295,559,816,160,836,543,559,16,20,107,955100,5
922,401091053004014,15973,303,130,108,0,88,130,191,31,203,108,130,22,40,109,105300,4
923,170190104002063,23799,1176,493,306,49,211,493,753,96,831,306,493,187,17,019,010400,2
924,051430103024001,12465,3053,841,342,89,822,841,1079,61,1737,342,841,499,05,143,010302,4
925,190539603002024,13816,905,398,208,52,214,398,692,74,704,208,398,190,19,053,960300,2
926,120570072001009,15584,1155,477,260,56,138,477,753,120,828,260,477,217,12,057,007200,1
927,530330312043022,31548,2085,709,548,374,334,709,1222,192,1373,548,709,161,53,033,031204,3
928,481130130041010,49588,1134,456,456,34,263,456,764,74,837,456,456,0,48,113,013004,1
929,292294903004000,17331,741,320,213,30,165,320,435,99,457,213,320,107,29,229,490300,4
930,471570213202023,59430,2255,904,662,290,476,904,1421,152,1520,662,904,242,47,157,021320,2
931,292054503002084,17373,943,458,283,57,240,458,595,109,622,283,458,175,29,205,450300,2
932,360050068001000,19133,1393,412,45,37,240,412,783,20,846,45,412,367,36,005,006800,1
933,080310043044031,35458,1346,759,495,19,239,759,920,120,1057,495,759,264,08,031,004304,4
934,060376016002000,11548,1501,388,153,110,385,388,768,0,889,153,388,235,06,037,601600,2
935,201679738006041,19063,1024,515,363,29,220,515,628,62,705,363,515,152,20,167,973800,6
936,401091072072013,21643,816,341,148,104,184,341,364,31,412,148,341,193,40,109,107207,2
937,371379502013007,19849,790,340,271,53,73,340,598,134,600,271,340,69,37,137,950201,3
938,050879601003049,18358,921,316,276,66,86,316,656,79,656,276,316,40,05,087,960100,3
939,410710305024013,21562,1023,378,212,54,245,378,550,64,623,212,378,166,41,071,030502,4
940,471570217212002,12340,961,361,0,78,311,361,359,0,546,0,361,361,47,157,021721,2
941,131350504213019,14771,2982,818,598,130,950,818,1395,120,1676,598,818,220,13,135,050421,3
942,170279006021092,34797,1429,524,493,33,389,524,910,99,947,493,524,31,17,027,900602,1
943,080690004022027,35045,1222,562,303,89,186,562,638,184,705,303,562,259,08,069,000402,2
944,080310034021001,95568,1185,525,481,26,246,525,850,56,868,481,525,44,08,031,003402,1
945,180973533001044,18033,572,356,0,56,66,356,410,64,444,0,356,356,18,097,353300,1
946,518000652002001,51749,1004,457,378,17,166,457,888,159,888,378,457,79,51,800,065200,2
947,120174503043294,28508,4695,2014,1853,179,707,2014,4388,918,4427,1853,2014,161,12,017,450304,3
948,191712904002000,18990,879,394,251,26,238,394,503,82,597,251,394,143,19,171,290400,2
949,201610013022037,22789,1657,621,490,64,404,621,1011,134,1149,490,621,131,20,161,001302,2
950,291869603001077,21413,1341,554,489,42,246,554,876,100,958,489,554,65,29,186,960300,1
951,340030154002003,37351,1598,677,58,150,218,677,863,72,1087,58,677,619,34,003,015400,2
952,517100066032031,20150,955,339,275,19,103,339,551,245,652,275,339,64,51,710,006603,2
953,060014506024000,46080,651,229,205,31,63,229,519,96,519,205,229,24,06,001,450602,4
954,060730041004018,20417,1858,760,173,71,370,760,831,125,1194,173,760,587,06,073,004100,4
955,170312421001011,48617,754,386,218,0,26,386,399,22,626,218,386,168,17,031,242100,1
956,171118712022000,26513,2034,881,487,87,535,881,1032,80,1225,487,881,394,17,111,871202,2
957,401430042001017,44786,639,372,339,8,59,372,476,89,557,339,372,33,40,143,004200,1
958,390610223013028,18829,1370,451,315,168,200,451,701,130,758,315,451,136,39,061,022301,3
959,132759611003016,21742,879,406,256,59,185,406,637,88,648,256,406,150,13,275,961100,3
960,301110007013025,20425,1190,500,338,62,211,500,781,133,835,338,500,162,30,111,000701,3
961,131210078021005,25232,3537,1458,665,52,937,1458,1967,279,2134,665,1458,793,13,121,007802,1
962,484391110111007,24063,3650,1093,953,389,1163,1093,1902,324,2072,953,1093,140,48,439,111011,1
963,360050211004002,9502,1169,407,0,176,294,407,532,0,590,0,407,407,36,005,021100,4
964,201314802001035,19413,1085,399,341,71,300,399,596,66,637,341,399,58,20,131,480200,1
965,191530045013006,21834,1266,468,354,9,329,468,747,75,848,354,468,114,19,153,004501,3
966,060650449152003,11730,2732,915,205,217,729,915,1273,75,1450,205,915,710,06,065,044915,2
967,060376008013014,32489,520,217,148,0,56,217,400,65,400,148,217,69,06,037,600801,3
968,400370208002123,20927,1284,558,355,13,250,558,897,170,930,355,558,203,40,037,020800,2
969,290099602005066,13451,2035,715,465,100,646,715,1011,93,1130,465,715,250,29,009,960200,5
970,060371199004005,24386,455,145,97,26,109,145,263,24,307,97,145,48,06,037,119900,4
971,480396614004000,20387,745,309,172,73,172,309,431,100,464,172,309,137,48,039,661400,4
972,201919621004035,28309,661,257,181,24,123,257,410,68,449,181,257,76,20,191,962100,4
973,390351871032009,22864,1134,425,306,86,257,425,672,65,720,306,425,119,39,035,187103,2
974,120950135111000,14037,2936,1004,682,293,621,1004,1781,157,1870,682,1004,322,12,095,013511,1
975,401091063022005,12248,706,270,54,58,187,270,416,12,455,54,270,216,40,109,106302,2
976,484391137052012,22611,1429,472,196,79,230,472,638,149,777,196,472,276,48,439,113705,2
977,483030104034014,32194,1743,692,567,78,320,692,1068,156,1293,567,692,125,48,303,010403,4
978,421010168005001,10847,1092,272,211,79,62,272,555,21,581,211,272,61,42,101,016800,5
979,060670070191046,14500,653,312,0,31,87,312,366,78,465,0,312,312,06,067,007019,1
980,291892200022004,25207,1388,794,224,51,216,794,808,96,916,224,794,570,29,189,220002,2
981,201730100012047,50292,2455,734,707,159,796,734,1408,130,1468,707,734,27,20,173,010001,2
982,170310305002000,24782,1986,828,302,40,453,828,1256,63,1579,302,828,526,17,031,030500,2
983,080899682003055,12897,928,462,280,36,185,462,620,87,682,280,462,182,08,089,968200,3
984,130210126004006,9451,2051,529,346,160,264,529,885,8,997,346,529,183,13,021,012600,4
985,291892159005011,24006,934,397,303,48,129,397,684,34,762,303,397,94,29,189,215900,5
986,171770008001015,24430,864,428,285,47,120,428,664,118,705,285,428,143,17,177,000800,1
987,401091022002001,21245,673,278,235,0,78,278,493,73,557,235,278,43,40,109,102200,2
988,121270903041046,23705,1761,655,492,20,338,655,1077,276,1319,492,655,163,12,127,090304,1
989,290819502002114,18598,619,252,183,38,160,252,358,70,378,183,252,69,29,081,950200,2
990,291594803002073,20010,1042,395,337,45,231,395,623,132,724,337,395,58,29,159,480300,2
991,170318236042009,32745,794,298,287,36,146,298,517,90,549,287,298,11,17,031,823604,2
992,131270005011004,7120,723,265,97,2,184,265,321,64,392,97,265,168,13,127,000501,1
993,060990022003008,9960,688,172,50,52,199,172,267,9,353,50,172,122,06,099,002200,3
994,011130309021021,19580,2224,776,639,108,574,776,1149,396,1423,639,776,137,01,113,030902,1
995,120110903012004,12434,3153,824,203,20,246,824,2243,220,2485,203,824,621,12,011,090301,2
996,270530268121014,34448,1902,723,668,87,523,723,1183,89,1288,668,723,55,27,053,026812,1
997,171635033011003,23858,1195,581,398,43,192,581,738,81,853,398,581,183,17,163,503301,1
998,201730108021049,28453,1875,887,368,135,415,887,859,73,1135,368,887,519,20,173,010802,1
999,484219502001853,24647,1474,454,349,64,405,454,935,168,993,349,454,105,48,421,950200,1
1000,480850304081087,37561,179,129,23,0,20,129,82,0,142,23,129,106,48,085,030408,1
1001,340312641025014,45526,755,372,264,40,71,372,608,111,625,264,372,108,34,031,264102,5
1002,483396916012005,80838,1498,655,466,47,199,655,1044,182,1243,466,655,189,48,339,691601,2
1003,080370004033173,28783,3755,1383,787,177,976,1383,2087,214,2532,787,1383,596,08,037,000403,3
1004,200530867004008,13320,764,309,246,91,176,309,803,114,979,246,309,63,20,053,086700,4
1005,040131143011029,7267,1718,179,54,49,223,179,1211,154,1392,54,179,125,04,013,114301,1
1006,120090713321128,18173,6476,1962,1565,470,1763,1962,3430,548,3939,1565,1962,397,12,009,071332,1
1007,060816133001006,86465,1753,524,510,156,518,524,1153,80,1194,510,524,14,06,081,613300,1
1008,050719519002019,21544,1333,581,478,73,223,581,841,86,879,478,581,103,05,071,951900,2
1009,130570909041003,25348,1923,763,639,64,526,763,1188,136,1300,639,763,124,13,057,090904,1
1010,371739603021222,26417,2086,959,809,164,280,959,1516,330,1645,809,959,150,37,173,960302,1
1011,340190113012049,37946,2040,745,604,80,470,745,1495,187,1724,604,745,141,34,019,011301,2
1012,060014354002013,19785,1107,467,92,10,296,467,600,53,674,92,467,375,06,001,435400,2
1013,081010028071006,22367,701,278,181,0,231,278,361,30,447,181,278,97,08,101,002807,1
1014,361190123033050,58449,1739,495,478,53,381,495,1069,89,1279,478,495,17,36,119,012303,3
1015,360050073001001,15236,920,367,25,29,160,367,513,44,624,25,367,342,36,005,007300,1
1016,481130137182004,18579,1094,335,139,74,270,335,554,59,653,139,335,196,48,113,013718,2
1017,291379601001099,17345,1240,520,298,134,311,520,659,106,739,298,520,222,29,137,960100,1
1018,120950142002005,18989,1548,561,447,76,172,561,1061,149,1129,447,561,114,12,095,014200,2
1019,200870203001149,21251,1788,732,604,52,420,732,1055,173,1212,604,732,128,20,087,020300,1
1020,060372347004003,21168,418,224,61,9,61,224,293,39,303,61,224,163,06,037,234700,4
1021,311530107011045,30099,1551,538,518,89,405,538,944,112,1032,518,538,20,31,153,010701,1
1022,170311105022008,23757,1883,650,485,114,401,650,1332,74,1379,485,650,165,17,031,110502,2
1023,200870201022132,21764,1605,651,558,72,422,651,1048,142,1091,558,651,93,20,087,020102,2
1024,470650114462021,23529,1814,819,446,113,193,819,1227,241,1379,446,819,373,47,065,011446,2
1025,360050238001001,,7,7,7,0,0,7,7,7,7,7,7,0,36,005,023800,1
1026,390351881041005,23015,1751,833,331,149,314,833,1327,109,1424,331,833,502,39,035,188104,1
1027,371190040001005,17090,988,479,239,8,137,479,720,67,756,239,479,240,37,119,004000,1
1028,040131167142005,46572,1972,733,594,85,548,733,1226,81,1283,594,733,139,04,013,116714,2
1029,481130085004006,9752,687,194,95,88,266,194,629,60,664,95,194,99,48,113,008500,4
1030,291070905004025,19481,966,426,298,33,242,426,633,99,673,298,426,128,29,107,090500,4
1031,290950135042028,32460,1410,579,360,30,367,579,799,158,979,360,579,219,29,095,013504,2
1032,270530228021012,29126,1678,1170,110,0,125,1170,907,48,1321,110,1170,1060,27,053,022802,1
1033,200134806001108,24815,967,418,372,28,204,418,652,94,720,372,418,46,20,013,480600,1
1034,484391139071012,56787,1577,510,467,71,565,510,946,33,962,467,510,43,48,439,113907,1
1035,130890233151005,20535,3222,990,919,326,1132,990,1552,186,1737,919,990,71,13,089,023315,1
1036,295101055002004,23542,1334,578,263,50,204,578,777,146,891,263,578,315,29,510,105500,2
1037,480396607014013,30114,2518,828,754,292,940,828,1295,131,1386,754,828,74,48,039,660701,4
1038,261635460001008,13412,1227,369,166,39,432,369,487,52,597,166,369,203,26,163,546000,1
1039,270074506002004,22160,1078,472,262,64,175,472,537,77,619,262,472,210,27,007,450600,2
1040,040130610241009,15165,2200,600,473,243,673,600,999,97,1100,473,600,127,04,013,061024,1
1041,360050284001015,8477,462,63,11,68,99,63,594,79,604,11,63,52,36,005,028400,1
1042,401430075241025,41290,2530,1075,845,149,569,1075,1457,183,1706,845,1075,230,40,143,007524,1
1043,400510009023103,20710,1854,673,448,119,465,673,1020,174,1151,448,673,225,40,051,000902,3
1044,170318215001012,12807,2303,711,284,178,674,711,1079,73,1214,284,711,427,17,031,821500,1
1045,200274581003159,22356,1242,480,350,106,264,480,770,220,803,350,480,130,20,027,458100,3
1046,270030513053013,23436,568,336,254,22,81,336,420,76,438,254,336,82,27,003,051305,3
1047,120860034003017,10377,1061,321,20,9,340,321,496,34,590,20,321,301,12,086,003400,3
1048,170310311003008,36791,1785,917,225,37,189,917,1205,79,1439,225,917,692,17,031,031100,3
1049,350430107211007,18565,2463,916,700,152,779,916,1143,241,1143,700,916,216,35,043,010721,1
1050,270030502272000,29674,2818,945,890,121,796,945,1568,192,1796,890,945,55,27,003,050227,2
1051,201490004004009,24308,1001,448,368,45,190,448,759,91,827,368,448,80,20,149,000400,4
1052,484391115303007,38074,1571,609,577,99,339,609,1044,101,1084,577,609,32,48,439,111530,3
1053,200039537003250,22433,765,330,285,35,108,330,563,70,570,285,330,45,20,003,953700,3
1054,271370125001000,19004,1074,592,342,37,161,592,664,87,722,342,592,250,27,137,012500,1
1055,390351531061011,24002,1102,409,222,45,293,409,558,52,689,222,409,187,39,035,153106,1
1056,120830010062035,24831,4899,1754,1447,127,1112,1754,3181,432,3436,1447,1754,307,12,083,001006,2
1057,180973401142014,31971,1264,508,508,102,240,508,810,110,926,508,508,0,18,097,340114,2
1058,261614134031005,46196,755,315,295,0,125,315,604,73,604,295,315,20,26,161,413403,1
1059,400710005001007,22196,876,320,309,14,244,320,555,116,607,309,320,11,40,071,000500,1
1060,291353851001101,22582,1267,503,411,47,336,503,723,117,839,411,503,92,29,135,385100,1
1061,480291216013000,14379,1480,514,138,227,285,514,730,161,832,138,514,376,48,029,121601,3
1062,290414703002246,20968,498,184,174,12,122,184,298,52,298,174,184,10,29,041,470300,2
1063,401179572002004,24571,2013,672,642,117,274,672,1408,292,1456,642,672,30,40,117,957200,2
1064,482819501002086,25581,810,371,316,14,163,371,610,138,622,316,371,55,48,281,950100,2
1065,290510204003005,32327,1612,686,541,80,341,686,1028,183,1139,541,686,145,29,051,020400,3
1066,311090014004001,23725,961,529,212,48,205,529,774,144,789,212,529,317,31,109,001400,4
1067,171670021001024,63627,1069,424,416,72,243,424,778,104,778,416,424,8,17,167,002100,1
1068,391390031001135,13200,1204,550,164,62,81,550,1040,207,1095,164,550,386,39,139,003100,1
1069,390351862011012,33630,1937,910,628,123,176,910,1336,172,1480,628,910,282,39,035,186201,1
1070,050310008011069,37872,4127,1428,1286,122,1257,1428,2287,278,2658,1286,1428,142,05,031,000801,1
1071,060730015003008,49674,934,430,238,14,117,430,724,63,788,238,430,192,06,073,001500,3
1072,292254704022095,14976,1063,439,320,32,280,439,1058,144,1168,320,439,119,29,225,470402,2
1073,080410045111040,21660,2210,842,512,173,603,842,1052,173,1272,512,842,330,08,041,004511,1
1074,201154898001139,18846,1178,442,402,30,339,442,974,128,1015,402,442,40,20,115,489800,1
1075,131210105112003,18774,3313,1043,870,215,777,1043,1520,238,1876,870,1043,173,13,121,010511,2
1076,080410046032035,18887,2967,854,724,234,1092,854,1308,444,1497,724,854,130,08,041,004603,2
1077,360050350001003,22381,903,307,146,61,268,307,499,0,539,146,307,161,36,005,035000,1
1078,060710104091062,25054,2102,852,512,138,344,852,1206,393,1386,512,852,340,06,071,010409,1
1079,291154904002009,41574,585,210,140,55,146,210,408,50,408,140,210,70,29,115,490400,2
1080,201390103002088,22551,951,403,336,59,242,403,605,135,629,336,403,67,20,139,010300,2
1081,080410039064019,30545,2044,704,521,225,675,704,1028,264,1095,521,704,183,08,041,003906,4
1082,310550036003001,22483,642,331,210,0,86,331,332,50,404,210,331,121,31,055,003600,3
1083,401091057001040,14991,330,160,25,74,80,160,176,34,176,25,160,135,40,109,105700,1
1084,050070204051000,52142,1019,371,304,76,203,371,609,89,651,304,371,67,05,007,020405,1
1085,080410037061007,40969,2162,820,637,170,522,820,1341,304,1392,637,820,183,08,041,003706,1
1086,510890111002010,21466,547,240,209,36,134,240,376,102,389,209,240,31,51,089,011100,2
1087,060372403004004,17290,569,140,66,67,81,140,338,0,369,66,140,74,06,037,240300,4
1088,484850121001021,20275,1293,545,379,76,205,545,689,87,818,379,545,166,48,485,012100,1
1089,290759602002021,17346,648,282,194,24,155,282,373,51,444,194,282,88,29,075,960200,2
1090,480291302002010,10001,847,280,141,83,218,280,418,99,497,141,280,139,48,029,130200,2
1091,170316712002009,10182,560,145,88,52,158,145,183,7,206,88,145,57,17,031,671200,2
1092,060374085043004,20858,1219,307,255,47,398,307,634,33,694,255,307,52,06,037,408504,3
1093,170318170003026,21646,847,207,181,42,112,207,474,59,569,181,207,26,17,031,817000,3
1094,020200023012016,39164,1998,634,575,150,461,634,1317,186,1374,575,634,59,02,020,002301,2
1095,360850105004004,19131,1510,487,326,173,475,487,675,33,841,326,487,161,36,085,010500,4
1096,201770036013008,26662,1470,539,412,105,370,539,837,125,945,412,539,127,20,177,003601,3
1097,060014011004013,19513,773,425,40,52,58,425,456,38,558,40,425,385,06,001,401100,4
1098,290019505002001,17037,558,294,154,2,58,294,328,53,409,154,294,140,29,001,950500,2
1099,201730103001036,32152,5348,1693,1522,239,1926,1693,2855,383,3123,1522,1693,171,20,173,010300,1
1100,120690308033031,14364,381,219,219,93,0,219,772,242,987,219,219,0,12,069,030803,3
1101,131350501032016,14182,1656,589,362,79,413,589,1256,111,1402,362,589,227,13,135,050103,2
1102,060730117002005,8269,1895,473,129,25,807,473,761,7,936,129,473,344,06,073,011700,2
1103,040135229042018,21744,1639,565,395,139,375,565,779,51,931,395,565,170,04,013,522904,2
1104,482150226002022,13988,1286,393,273,232,187,393,762,33,861,273,393,120,48,215,022600,2
1105,483396942011023,13587,2120,654,281,193,793,654,927,199,1116,281,654,373,48,339,694201,1
1106,270251103021058,22943,3317,1056,969,270,984,1056,1599,327,1911,969,1056,87,27,025,110302,1
1107,080410043002009,25069,2456,848,695,82,416,848,1462,511,1683,695,848,153,08,041,004300,2
1108,291439605001169,15677,625,242,170,54,130,242,390,53,411,170,242,72,29,143,960500,1
1109,470499653001059,14416,1459,631,541,28,275,631,934,187,1039,541,631,90,47,049,965300,1
